sha256,path
c4bec7223c87bfdd54eb8f341aff474dcb788fe3d5b4dd999ebfa4de06b719ee,build.gradle
2d84ea99c63fa005b8203af177c89356756b90aec471ba120ce84821d6103721,compose.local-docker-build.yaml
2856cca515685253324b41a0e358370abe823ec6ffcd1e7fde1a632c62a2fedf,compose.local-published-smoke.yaml
2951bf0fa714bf4a57629697e4ef395ed69d431e1441d73450153c67a07b89db,config/mosquitto/aclfile.txt
d35d7345bd199083e0bb9f3e4b325106c520e5aa54a5ec7b3f547239ad8685e8,config/mosquitto/mosquitto-large-tree-test.conf
1bb8f1b82f2ca04dce15c56692e68f40714a8204b16b220bbcce4e346743d10c,config/mosquitto/mosquitto.conf
de7de972a121478f782f9d4338ad52c78d1ea9b7b6c8162d4d3b52c1e5b77f92,diaries-client/angular.json
651a4d77f95f4af6ae2c3fdaa35e7e408e20ad49eac45ea308df8e1792715a77,diaries-client/package-lock.json
a5d1795e1a13e3a7cf56ca066ba67863f7b305391ec415e7aa348e8df9b5119b,diaries-client/package.json
32627439254128ebf4092430576e7309f6c237f2bb184fb9301b08deaee2a7b4,diaries-client/public/assets/build-info.json
6e7f924d29a6b35e0d36b39c594da24e42b14e4c2b0eb4d44a2fead7f535bbad,diaries-client/public/assets/config.example.json
46cd511fac40516370c08cece77050fb7f9d81c80e8e866ad0213c9e87e2cb2f,diaries-client/public/assets/config.json
dd23794fd0540ccdf5eb050cee6f8328649bc8ea1d91115acb935b04fbe5e015,diaries-client/public/assets/cursors/circle.svg
3cb67902912b2012f2a050708c49f68eec4ca1ddc858dda4c1e77ab8dda48f4b,diaries-client/public/assets/cursors/corner-1-resize.svg
6b8315faaedf6a112eeca9a90835d5980815814a25b98d5e6d8f75a1dc9822f8,diaries-client/public/assets/cursors/corner-2-resize.svg
9789a96fd0180f60c6d4e48eb18e4708431d659e3d4a863ee7829ec511b1bc12,diaries-client/public/assets/cursors/cross.svg
07f57b721690117fc9c81674e669752e6b893e4c82c875e4b3f6fdaae94793c6,diaries-client/public/assets/cursors/horizontal-resize.svg
126e39f8c89b4fa0f9fb6e058282e9f025f646511f818921faa9a57949d86f3e,diaries-client/public/assets/cursors/move.svg
0649eb0d462cacf6a746d03de353e77718428ab26e834586f036009e36e88dca,diaries-client/public/assets/cursors/vertical-resize.svg
04312c49d5048b2cb472f42ecaa9859c6d188b7739e319305f504c3f244a3e09,diaries-client/public/assets/icons/close.svg
abcb50354975a09747ec38b783a5c3ea1f99907060b806e8a9b8c8622389fef4,diaries-client/public/assets/icons/create-marquee.svg
9d8f486288f9fc208e6fb6d8e5912543df51b4eb81c292cfa75ab9c3f2932e51,diaries-client/public/assets/icons/delete-marquee.svg
fc3715204bf0bb1d9a631d43f45bde7c668f88b0a2f7c56f6a0749d0eadcd684,diaries-client/public/assets/icons/delete.svg
9d95383465c67eb0fe4516079073635441f0884948eeb219b66cb5af1a78041e,diaries-client/public/assets/icons/details.svg
99bb16ea1f77b27499fdd0296b61df66de0a0f2841d1b993e32b9a4f47084ce4,diaries-client/public/assets/icons/edit-marquee.svg
12a1a12aa42997d1bb502c09d46476b3795f26be0ddb34dc4d4880ec499bdc3d,diaries-client/public/assets/icons/eye-slash.svg
5470310f8335caa1dacfb855f62f7203023f75029b61057d853f6623b7b37906,diaries-client/public/assets/icons/eye.svg
5f6dea45bc36cca94c08041d34c1b80378e44777743e075faa826fa4adbb3dbc,diaries-client/public/assets/icons/files.svg
2dbf123151425790393ab65d8e823e7ac5e2122a49a50177de2df964c90dec47,diaries-client/public/assets/icons/folder.svg
9395dbd1f65827453aaa33ac431076929d07988f1b48c70c67f5cc4e8597052d,diaries-client/public/assets/icons/hand-pointer.svg
fc4d8f86958469e66a2f0322a358602f0206c31c6126e86ac28ba947fdecb6da,diaries-client/public/assets/icons/large.svg
9d95383465c67eb0fe4516079073635441f0884948eeb219b66cb5af1a78041e,diaries-client/public/assets/icons/list.svg
8a9ef11e8d94631f776f6f03a500bb60e7649290f5e22bb50e7ebb25e152c2d7,diaries-client/public/assets/icons/medium.svg
9f3f08826eb43771e13d4134e8cb3cda596494711816afe850bd7396c1ba2ca5,diaries-client/public/assets/icons/plus.svg
057127a55662bc2d01ce652dc49691b870f645cc937afe2b82057ed30f0e9271,diaries-client/public/assets/icons/select.svg
e615cde50381c94fd1523510dd344a248d332119ed30a343e9c317f8bdd19466,diaries-client/public/assets/icons/small.svg
32c42220f79894e0f5c4e7ddd666691dfe997937672af6c9be92ed03c4c69775,diaries-client/public/assets/icons/trash-marquee.svg
584329303c525fb5c4800a23a5a62c329404399b96f69a76a444672c8696dc38,diaries-client/public/assets/icons/trash.svg
3a801e0bdc852178f2ad91b1708d78b1f1f371fb7a7bf327eba5094397412f3e,diaries-client/public/assets/icons/upload.svg
f9102be80297c0529207607be5277b4f90bca89d65988fa1771b91c7894e815f,diaries-client/public/favicon.ico
ae1821be7f1e8f297a5a4cfbac8f24a3303f7b57b5ba6f27206bb4646dc1ea8c,diaries-client/src/app/alert/alert.component.html
43e6ea39be5ee590c392c99c22eb043e02eb0f5ea0c396cf4f8afb6527484a68,diaries-client/src/app/alert/alert.component.scss
4aa9f11127d1ad2ffceca1a9d36c3ec88c6c9581cbf7bcb697f5bfde53b705e2,diaries-client/src/app/alert/alert.component.spec.ts
bc0c270e06b5e356093ce222b3c2272c7e24aa4921985d498dc3cda25301e688,diaries-client/src/app/alert/alert.component.ts
d481e1e7c181f4a5a01556cee225948a5541e048c65dce0ca515ad4c12469639,diaries-client/src/app/alertbuttons/alertbuttons.component.html
fd027941537f36e3fc6f36403a6f908ad9a4eb50bc3924e9863bda1f78075a70,diaries-client/src/app/alertbuttons/alertbuttons.component.scss
9eaaeccb905a1cd936e0c274151ee19f76101d36dfebfc1003ffad97d8405b84,diaries-client/src/app/alertbuttons/alertbuttons.component.spec.ts
1cd5c3f9d49f213de4eb3bfb903aa290343d3ac5199c343d3326f5c9f0555900,diaries-client/src/app/alertbuttons/alertbuttons.component.ts
f696140eab3e96d7792b3ff046dac4056ff1076198fb2c5a27503da230fb67c6,diaries-client/src/app/alerts/alert.builder.ts
2f9c312df3a54e18b400a1771ff29648b4853ce55faead4659b9442fc641c617,diaries-client/src/app/alerts/alert.model.ts
5e0f188230484a77bb83ad64cb70fae068244eb274bfb953e36e3f29fa89fa91,diaries-client/src/app/alerts/alert.service.spec.ts
81fc91b14d3571fe08f0ab67033a7c7b193cbe31488c1b59015f46a3a799c4ab,diaries-client/src/app/alerts/alert.service.ts
4d82303cecb03c786a8ae23f8ded2cbd181938031e1dd0b0132ea106d7dc9774,diaries-client/src/app/alerts/alerts.component.html
379389992e99b72aafc40a9c7c88d7b5a76ef28bb9172d648a747e22c093106a,diaries-client/src/app/alerts/alerts.component.scss
dc768444d4c68e36f9a1f8f043735357a15e47070cce9d0fe7bce3609520e84e,diaries-client/src/app/alerts/alerts.component.spec.ts
84c039e6668e31ec3232758877100b512ed54df3a5461dc16b503c85800a0b6c,diaries-client/src/app/alerts/alerts.component.ts
dc24544f75483121a8402b0f48f990ad2306ad86f3db0c38f3816d382ac0dfc3,diaries-client/src/app/app.component.html
185f1bd23a4b83e324051c74f3774b75125be6f369eca23f4cdac89b8f10c730,diaries-client/src/app/app.component.scss
413cc7ee87226f9d53950f022ce854cfcc605c276e74bf579e4ff38067aff38e,diaries-client/src/app/app.component.spec.ts
0d066f3819f3f55d4a44d71279e44387308cb028c20d0df0b0ec9bac89d7669b,diaries-client/src/app/app.component.ts
b07ac518533f06469cb54c9235e41bd634e3b41351f78f9488ca53b414e63948,diaries-client/src/app/app.config.ts
c12919f6dbd1a6c369194a4b3e7c4067baad2253decb3e23e62b3c3a1ce68d55,diaries-client/src/app/app.routes.ts
4a24049ab445b6b846bdeb32f10cdd06b0dd663cb819d53ae5138881fe5999da,diaries-client/src/app/auth.guard.ts
cb83ca70ce2effbf0bbcee6e20c6135b75bd419f01f6e1e4229874c5de78587e,diaries-client/src/app/build-info/client-build-info.service.ts
68f3c6478db7bafcf738a9284e537e35bb66cda606624789bab3e68050d29fe5,diaries-client/src/app/build-info/version-info.component.html
4c422282d8aaf264123cdb29fcf42b94c3ea730bd10cdf9dcdb75033a01531ce,diaries-client/src/app/build-info/version-info.component.scss
462b471909f31b169377115a83ffbbe3ffc726e3bbc8255ed6e41e7f0ddd7b16,diaries-client/src/app/build-info/version-info.component.ts
c3210cce6d5583cfccd4d17f08d672b93eb4cc2d7837f9cef30e2020ca892a04,diaries-client/src/app/config/config.service.spec.ts
a7f8a08b1c280cc57c2226e041b8d61f67ce6e585d021c59ea9e3fe7a634cbc0,diaries-client/src/app/config/config.service.ts
3d01c92fad34c6b8f608b944ac51d801233bdb2ca1707d235a0372d3d37a34e4,diaries-client/src/app/dayview/dayview.component.html
27e22696d5beab5cddc9b34244bf2b45ad44b3d9fb2da3fe4fbf0475e3c9fc9c,diaries-client/src/app/dayview/dayview.component.scss
6ecd939459993a24781a0246792e8109abacff89e64125f068c55fb3b25100e0,diaries-client/src/app/dayview/dayview.component.spec.ts
4f5339fc6dfb5a7b37d03ef8c8731fb99ed749ca1362158dc8de6ae8c2135f85,diaries-client/src/app/dayview/dayview.component.ts
99dbc66a822c0530c18367cd014e9b842044565ed55a6718fc5deb5efa7e80e0,diaries-client/src/app/diaries/diaries.component.html
4f3f27d5e68f009c0756cc589bd2b08a4e4a736bee615e85657142c7df77b593,diaries-client/src/app/diaries/diaries.component.scss
72d5b6fd915bf0616babcfe88d5ebdecaabebf4eaf1c24a332958472c9038684,diaries-client/src/app/diaries/diaries.component.spec.ts
c01445ab536750dc8eb0d58eed7a33d7911f3d2b72ba8ac9977470131db663a4,diaries-client/src/app/diaries/diaries.component.ts
55c3775e0c763de2872e75bc59c7746ce7492de90e61e80c985b4c33bfa6f78a,diaries-client/src/app/diary/diary.component.html
4f3f27d5e68f009c0756cc589bd2b08a4e4a736bee615e85657142c7df77b593,diaries-client/src/app/diary/diary.component.scss
5d3cf612c76828f63d924ec0097908aee97c40f85c148e91eb9b111982cce542,diaries-client/src/app/diary/diary.component.spec.ts
eee6c62922a484015c54ed6fb6209cdedbc1032171e087ada55784d467a81d11,diaries-client/src/app/diary/diary.component.ts
ce8f4845a40587f37c67c7cc5e26430ad972f2517cd4ee094d3dfda7feece523,diaries-client/src/app/files-list-dialog/delete-image-confirmation.component.ts
1af49196f9d096408e1418b5f2adf71c3a8db81a2e6b5923cf10b3acb96defc9,diaries-client/src/app/files-list-dialog/files-list-dialog.compatibility.spec.ts
e31961324c9a4bc28efc7ec58c76243a773cf5ce05acdfd1010be88bb81ceffb,diaries-client/src/app/files-list-dialog/files-list-dialog.component.html
62e7d99ca551ad0cba43a40f3519d1a44544e187a4ea794b13bec44039187d77,diaries-client/src/app/files-list-dialog/files-list-dialog.component.scss
9473ecc9670c55d9bb99b47a27803fe8a1f283c7c038410a69b08989e78659e8,diaries-client/src/app/files-list-dialog/files-list-dialog.component.ts
c6da919f803f754cf5b04f76530b226c56ad1c321011c3ac357be9724451519b,diaries-client/src/app/files-list-dialog/files-list-dialog.context-menu.spec.ts
a2dd89aa77d416e44987a22e4c5adedf0e4dc84a45cd91efcd4f4d661b3e39e9,diaries-client/src/app/files-list-dialog/files-list-dialog.e2e-spec.ts
69d1592127ab90844c22948c8b313791739af69bd8cf3ff3a974617e2e0b0ecb,diaries-client/src/app/fragment/fragment-lock.service.ts
04de86afb741cde711728cf50c061796591b3ff49a3404968982b3ef94291213,diaries-client/src/app/fragment/fragment.component.html
b8f25d5d8cd1f9ec57a03cb5d82f8de222e863b9c1e7a229ea9cd81fb0fc345f,diaries-client/src/app/fragment/fragment.component.scss
1e90d906dc8e2c43dbd8d898f044835b2678f26d102265d312beb37dfeb27f01,diaries-client/src/app/fragment/fragment.component.spec.ts
4f0ea2c7b1b6f27c588f706424d335fe7a3e481a435f850fac5a42ceb82406c8,diaries-client/src/app/fragment/fragment.component.ts
2fe9609d01af626bfaf4e51517a51819c5f071a274d594c094edb3d9cd3cbf5b,diaries-client/src/app/fragment/image-viewer/image-viewer.component.html
e468b6b6fd4f9ea59994b0725d5684e1de4c22f49ad9575460110c91235212d7,diaries-client/src/app/fragment/image-viewer/image-viewer.component.scss
c260dfb60a7f0ad0bf869aa8f0f589294d7a9d1d970c9172dc5f64480b69d37b,diaries-client/src/app/fragment/image-viewer/image-viewer.component.spec.ts
ecfba5bd4002b509392c69fab016d5dfad409987b844a5e74d14be0dad68e0f1,diaries-client/src/app/fragment/image-viewer/image-viewer.component.ts
7c63ff306dde87bda24cd248a2dda7e17a0ab2d772576a046d3f42868a03a604,diaries-client/src/app/fragment/text-panel/text-panel.component.html
569e1b491b0dcf614c8604f6a79e201d5b064d3fe85e8421a67c3fffb0aa62b0,diaries-client/src/app/fragment/text-panel/text-panel.component.scss
a9585a5c79024805f5b735328ce6a94002f75e554763e31d091b824b9cdd4be4,diaries-client/src/app/fragment/text-panel/text-panel.component.spec.ts
bd30998fe30cc499406a4c0e33067b27d974bd4aa5b1229a2fe6c10160e331f0,diaries-client/src/app/fragment/text-panel/text-panel.component.ts
e3e7826c43d67e663889724d17d315090380645450b1eab6732001754b6eeca5,diaries-client/src/app/headers/fullfooter/fullfooter.component.html
92caef1e7a784b6f88c0313ddf03ee2d6f0f5cbc27248bac8543e4ebb789962d,diaries-client/src/app/headers/fullfooter/fullfooter.component.scss
d2f5632d712cf95c7d2fd05fc1b8aaaf452233c1cf9f698588886d4f614da53f,diaries-client/src/app/headers/fullfooter/fullfooter.component.spec.ts
29af4d83acd525877e4a9b9c4f2a7cfec32344f983ac00c7e22eb42f687c70d4,diaries-client/src/app/headers/fullfooter/fullfooter.component.ts
87dddbd7cb4dba964f426e2f9efef20322df15d5048bfa179e61584a72450c08,diaries-client/src/app/headers/fullheader/fullheader.component.html
24b7a0dc7bfd93a3766640e50a5da416c99eff2c52ad2a20196d765d7d41ba22,diaries-client/src/app/headers/fullheader/fullheader.component.scss
757dca9bbb5954622b1637148012ddf55a51d2a17e01bf455d03d137728c8677,diaries-client/src/app/headers/fullheader/fullheader.component.spec.ts
576412e46e5ec28fed756375f30869d9f703bbfeeab8eb3214343eb3c8dceb2d,diaries-client/src/app/headers/fullheader/fullheader.component.ts
f14a6f4e8eaad2edf544a0e16b3105b263812af467b7aa37c20e58af06d767dd,diaries-client/src/app/headers/pagefooter/pagefooter.component.html
92caef1e7a784b6f88c0313ddf03ee2d6f0f5cbc27248bac8543e4ebb789962d,diaries-client/src/app/headers/pagefooter/pagefooter.component.scss
a88a14eb60dbab6a5678b7d048a6d62b392b1d5a1b4f8acbdef3aac1a07b04e1,diaries-client/src/app/headers/pagefooter/pagefooter.component.spec.ts
d0e3728a0570b64315057a001d92706af8046a374a35bd3bf8b42027041103dd,diaries-client/src/app/headers/pagefooter/pagefooter.component.ts
ce5314a5a7eea15d7f08d179ad3f720ea518119bd32dee0ec158dec2e6bb258c,diaries-client/src/app/headers/pageheader/pageheader.component.html
0d4b01b70345d7dcaebf9d9bd1f81a904b3b31c7dd79c6669423c600a1fc8e09,diaries-client/src/app/headers/pageheader/pageheader.component.scss
f7761b9a3995a62ae72a73df06c30578e02e87cebb7c1a51181110188bf98115,diaries-client/src/app/headers/pageheader/pageheader.component.spec.ts
7ca1a990e3b1df4c541d6696eec36f7f827de54657038c121055d022922df3c5,diaries-client/src/app/headers/pageheader/pageheader.component.ts
2bf1f6323653d328d77afd15f3fc1254f4368e33f36052868332895cae07c435,diaries-client/src/app/headers/plainfooter/plainfooter.component.html
901556128aaaaf681951bd0ec77316de3c9087c5ceb4e9fb8d52563cce076046,diaries-client/src/app/headers/plainfooter/plainfooter.component.scss
c172e40deb255c1dc874412e9ea10bd8536439b6e7d23c788c206929f3f79fe3,diaries-client/src/app/headers/plainfooter/plainfooter.component.spec.ts
33db5d2525b40a6363a1dd0236320b8770f9bd30e02ec31fa050babee1696b1b,diaries-client/src/app/headers/plainfooter/plainfooter.component.ts
45e812e37a3e33d06b9f7996b6b3a764f1b8e08b184c7a162c918062e2706086,diaries-client/src/app/headers/plainheader/plainheader.component.html
8e847e24503ceb5678c16dfb304c02d3b8a7e0caf2ea575e9308c259c201e977,diaries-client/src/app/headers/plainheader/plainheader.component.scss
a74bb6cd75827e7bc71d28001e78e79eaf8dd3acc4229aad744251b6d1f06694,diaries-client/src/app/headers/plainheader/plainheader.component.spec.ts
558c3f039888573da91c2d96e1ea85715903086ef0403d50955d1c6de1c71276,diaries-client/src/app/headers/plainheader/plainheader.component.ts
93a67b3ca9e003a5c657db9bbd09b6a0a99b353516e71b92c40799a743a97554,diaries-client/src/app/model/FileEntry.ts
b088cc224cdf7a38d0356b97f3235b5305bc759312d1a2a388b69b9468175a11,diaries-client/src/app/model/FileListResponse.ts
7f1d57804d00f21e451d83b17bb483bc1d74d147ddfe1dd95535126b8928939a,diaries-client/src/app/model/build-info.ts
0f6349f439a82ab78a9c4e62e0bae4cb4e766b9cb16ea4b22517ce74eef8ebd8,diaries-client/src/app/model/delete-image-reply.ts
e3d10fad06c37108fd583ec4c9152cdf9ab5dff943bf205e99efd01d0b2f3a05,diaries-client/src/app/model/diary.ts
58340afb57edb5b1a288ca31d790e66ed69b6d1d08a34dd10e5bc809cb64642b,diaries-client/src/app/model/fragment.spec.ts
f902a6f017a6927d83fdf34ae1f0c85178b2a23fbe033b42bc9a8c63ac36b88d,diaries-client/src/app/model/fragment.ts
c41ca0f310815445323638b796165c20984afd453a9629227e46819f893c6c37,diaries-client/src/app/model/marquee.ts
ca601f95f3f0f8361a87ddefd694a05342ab3251f9d8b14e54ff367c2b21cb1a,diaries-client/src/app/model/model-context.spec.ts
9db578844f96423e3d6724a2f1d4b4c2eda224f05bfb3902e02f6a487ac06905,diaries-client/src/app/model/model-context.ts
f32ae16a9d080fc74e2114b08dfbe2fd668fa1b5882847efcbe7e21a3404ce14,diaries-client/src/app/model/page.ts
9932e6b95601e517aae9e014d265d90a481f943f45dd111f08561acc2157a44f,diaries-client/src/app/model/refresh.token.ts
9f10b342baba8f14900db709fb7de00a62337cdea20434c2c034befbf879b490,diaries-client/src/app/model/register.ts
09d8ef67663d246f61fd00d65f9403bf75f7b55afc908600ee00acad1239dc1f,diaries-client/src/app/model/reply.ts
4a5cbe7edaee218ee465ee4257a2ab84902e7ebd887e7b7bc57357d316f77db2,diaries-client/src/app/model/signin.ts
5c7e7674e8415b45ec795fcb83ce6f8c4187dfc6b61112e53213a1c1f9364abb,diaries-client/src/app/model/user.ts
600de55c54a705354f89b4d533e2f2cf33ca1cb71d043aefbe380297cbf3da79,diaries-client/src/app/mqtt/file-rpc-compatibility.spec.ts
ef0574c12c041d2316cef9149955a8ccd72cdfca36a89e370854e674e20fa022,diaries-client/src/app/mqtt/live.object.list.service.ts
3765c555a573d39483629716ed569b5f0617af2779f4058953ca614e023e8c9e,diaries-client/src/app/mqtt/live.object.service.ts
2e60cc6c310e8d01f2a004b11d02c1a98fbdc447239c058181e26a2294350d7d,diaries-client/src/app/mqtt/mqtt.service.spec.ts
6d643733ded4d9afe132f15132f6b0ef9df6c2569edf958dd4451d3243afd22b,diaries-client/src/app/mqtt/mqtt.service.ts
f07954d3a7abbeab9692c7f6cc8d3081182dcd9e8c56e32a3737ca6bf4149999,diaries-client/src/app/mqtt/rpc.service.ts
c080244382cc94c534f12bf6d3a2babfdf318abec963352f62c7b963a7f37620,diaries-client/src/app/mqtt/status.ts
f069c5f09bcb9ad9a55fb1e48fadc6ee28b7e6b757cc88a8875b008a23490e54,diaries-client/src/app/testing/delete-image-rpc.fixture.ts
b85d53612e9f0f78667587572d214bff8f711263ee353208e35817ea8d9c67a1,diaries-client/src/app/testing/file-rpc-baseline.fixture.ts
78edfe0be10d38da06dbbc1ae00d16eac474779893bba1ad71bb5dbcbd565570,diaries-client/src/app/theme.scss
231f91c91b6685920471de13f3c9c36a8bf1498a8795eb9effa262a6c7acf76f,diaries-client/src/app/thing/thing.component.html
e62ce0643bc16bf78480ca382686f088027437d03afe299850547c5cbca21169,diaries-client/src/app/thing/thing.component.scss
31158ab7b3a8fb6afda13b6b72c98aa0f3b2c1fb55aa02ac26c198cdf9706701,diaries-client/src/app/thing/thing.component.spec.ts
a40382ab86dcebcfaa8d2412197977cf97fe198e65f621067313334162d86887,diaries-client/src/app/thing/thing.component.ts
ff46a68c4bab8fe52ffce2cec7316f683ecd90046d60a4bea82d0a5b75a241c3,diaries-client/src/app/user/register/register.component.html
f8d19a3d4cc1c3ae7242821ffde15beb48ea103307e4151b19c9cb1ba3b077d4,diaries-client/src/app/user/register/register.component.scss
b00cb529401a4581add7d3a3ca570327fb610c8a7b848f7abd627659258c92a4,diaries-client/src/app/user/register/register.component.spec.ts
485ccc8ad691a4734be9496f623d4837c7e46262fdffac1891321c8b08ee9b5f,diaries-client/src/app/user/register/register.component.ts
ac3fdde8f505e8f37e57872ade1a8da08a1c1d29271490338d640849c3bdfdbc,diaries-client/src/app/user/signin/signin.component.html
f8d19a3d4cc1c3ae7242821ffde15beb48ea103307e4151b19c9cb1ba3b077d4,diaries-client/src/app/user/signin/signin.component.scss
fa630697f2aa4a67103cb0ca7e79ab5bd73c6acf9391af280aea729a77142385,diaries-client/src/app/user/signin/signin.component.spec.ts
e60f9d4fcfc65d202fc5d57b2380a6b4930e083992646db93699c3ef5f302cbd,diaries-client/src/app/user/signin/signin.component.ts
86cc2e4cbc2a3f0a93d0a88dae035acfb6c5cef0589813f4e49e9737e05529a1,diaries-client/src/app/user/token/accessTokenService.ts
930b0dbf17d52433c1041b459447086aca14d9beb0c45ab5f9fa225dce35cb4a,diaries-client/src/app/user/token/refreshTokenService.ts
f4e05285ffa8ea908f36cb13de21453fe14e60495f7b8afcdd2b8a901a4d3397,diaries-client/src/app/user/token/tokenService.ts
dedd02bb3a84eb90b33fe149bf09fa30c7dfdcbf24963fcb2c52ceb47983cd83,diaries-client/src/app/user/tokenRequestor.ts
64950f6fea46b2afd332b63b67b6e690ba5648395acfda8aae09fcb54e5c4323,diaries-client/src/app/utilities/DateFormatter.ts
0bc19615bfa56dfb713dfd18aaa08584599cc9c35984e188cb044729128d6822,diaries-client/src/app/utilities/constants.ts
d752fbee4d62295de182ed545c7f7cced7946e048b3aa0f670f6e0152f2a3d6a,diaries-client/src/app/utilities/legacy-fragment-html.pipe.spec.ts
38625011cd9f133d0af741ab43499d3bfe75f466c468c88b353ae98af41c5d0f,diaries-client/src/app/utilities/legacy-fragment-html.pipe.ts
8e7ae1c33dbbd3064f7ea864d278806c26d9d6d983453328d2276908497aeb43,diaries-client/src/app/utilities/passwordStrength.ts
5d40916d84fbc42c5c343b4d5907cf15a2c6a70be1ea8ad46527279de8823800,diaries-client/src/app/utilities/point.ts
c2a32a93dbd1ee4d596a861853b4d4245a828eab66f6e2ff652e03f1352aabce,diaries-client/src/app/utilities/rectangle.ts
d50a033c5327862ea180a2f8a2bb1bb9bf350617a7757ab81911a3c2058164aa,diaries-client/src/app/utilities/replyHandler.ts
ea8845bbc5e3de2270540bed9ddfe653bd43db993c5e60eb11f79122f3fdb4f1,diaries-client/src/app/utilities/safe-html.pipe.ts
0ef347bba25074c9cb689ce1158bd3cb2fa44bede09a5c38e7c2de9a6e518a8d,diaries-client/src/app/utilities/startupRedirect.ts
76a712ff696300f599be3ff061593c2d96127c6e2d4a2162978a9593a06f42e3,diaries-client/src/environments/environment.development.ts
03a826fcd9046b462f307de941767058d2c136e3cddd71d0cfa0bfc9b96894d1,diaries-client/src/environments/environment.ts
4bffdf73e0222052ced85396fb7bb706dcb3a2377ab752e52229498860572aad,diaries-client/src/index.html
e8b0b7ba0282c9502a2ec2e9ab95d39ade546fb6785454a3db4933138f7fdd7d,diaries-client/src/main.ts
888176cb0a7648727e8b90a4081e135ee8edecd6657ef6e388bd28d281fe970a,diaries-client/src/styles.scss
aa5152d60845d25d363c6649173aeead3f39b5e54acc412bf0ce3f99e5c549de,diaries-client/src/styles/_auth.scss
9e85944c89e395ccb4fa21ff06a48c53c746a3fa412acb7a9c391695b1a8fa28,diaries-client/src/styles/_reader-navigation.scss
06707742aaa44f242ac6bb3a88378486c675fa2171c929b788171068be4014dc,diaries-client/src/styles/_shell.scss
7f345bc2c33ccc4e88e0d01c7b0404d40d47a6d91e153487fab2ce518fd63fd8,diaries-client/src/styles/_tokens.scss
bb8353f84841fae05970b6b0337e9cf3f0a8f97413ad059d614faaa0e7046f1b,diaries-client/src/styles/constants.scss
5ee6cb16beb012c5cea865a5d6c09d518672377e468c2943c0d8eb5b1d47548a,diaries-client/tsconfig.app.json
5b90b7d3fdcdf0ad3f16bad5ae3baa3bd92321581febee50852ba0a004a95bee,diaries-client/tsconfig.json
30a3e3ee7ab7bd91e03ac602bfb57cf3dfffa9998b8536ef00af5ada94c90ad3,diaries-client/tsconfig.spec.json
f5383d100cd796503ea7973a55ada3ab8b81e51f219d82f0197b67e0a8c6f9b9,diaries-responder/Dockerfile
a30cc7d67e577e96bce767aacd4ad4eda7cddd1c5c95b0003154e113cedd1abe,diaries-responder/build.gradle
1391dc15571d0dd87c15449fed295c26667da584f63bd1edc21a4dbce6fcd68b,diaries-responder/src/main/java/com/rsmaxwell/diaries/responder/CreateDatabase.java
5030e2b4ba312c9d67a11462557f9c738c61a7e2c76437d81d4c0c59488b5921,diaries-responder/src/main/java/com/rsmaxwell/diaries/responder/CreateTables.java
5aa01d048b22903f4d0fee063cadfd99a1ee12ac5c3e0d8d42bb4ced91292c04,diaries-responder/src/main/java/com/rsmaxwell/diaries/responder/Database.java
9a2b74a1ee8d2b909f4c8466d2fc695fbfee5e6e9c0518305be8bcb5e3755f92,diaries-responder/src/main/java/com/rsmaxwell/diaries/responder/DeleteDatabase.java
d647a01b5fe24409a993b2dbbe18d4da287559f9bef704fda16d0d20b1b48aa1,diaries-responder/src/main/java/com/rsmaxwell/diaries/responder/Responder.java
39aaaefe65549b3cc42699ba52be96c1001ca3e92ad57668fc32c3a210de2423,diaries-responder/src/main/java/com/rsmaxwell/diaries/responder/SyncroniseDatabase.java
2bf2ef6c2c992a866a127dbf621dedbdf082863194df371bc4cccfc01400b1d6,diaries-responder/src/main/java/com/rsmaxwell/diaries/responder/buildinfo/BuildInfo.java
40d1db8e352a191081dba27bec75a664f19b6589d6a3f63cbc6093a39deb70ee,diaries-responder/src/main/java/com/rsmaxwell/diaries/responder/buildinfo/BuildInfos.java
ffabafdf052ed8fdfd989b2a638a90c04c6fe8c31bc2ee36d0175ceb25e0124b,diaries-responder/src/main/java/com/rsmaxwell/diaries/responder/config/Config.java
4501ad7710b641585d72ec5675ed8082eb53722f74416e9a5c60ea0a7e3d0a52,diaries-responder/src/main/java/com/rsmaxwell/diaries/responder/config/DbConfig.java
7a65027d971f2d3263745b3db6ec39290b6380e330f59ac0794138a6e4c28b84,diaries-responder/src/main/java/com/rsmaxwell/diaries/responder/config/DiariesConfig.java
1c3592153686682c93006b04261175a9e42c06c2e46b16d905ac0698a1606f15,diaries-responder/src/main/java/com/rsmaxwell/diaries/responder/config/FragmentLockPolicy.java
90a787a104878bd898f02dfe80c2a789bdaa7e8e8a4871ed15f3d1ec40791f05,diaries-responder/src/main/java/com/rsmaxwell/diaries/responder/config/Go.java
4ed4fc1761b7dcb415cf6e015f7917ff2f5e081b7108c3c38a6841ec9c649a30,diaries-responder/src/main/java/com/rsmaxwell/diaries/responder/config/Jdbc.java
08d483b161c339c8ca87bb31b1b9ca238ad294e74c01b9c84682f5e5f639cea1,diaries-responder/src/main/java/com/rsmaxwell/diaries/responder/config/MqttConfig.java
86c819c27f4c5b54262122820f34feddd4f590a7bee02cd32c0b77c0a438639b,diaries-responder/src/main/java/com/rsmaxwell/diaries/responder/config/TimeParser.java
09e7174d7bb7844330896935b636a7373680f1ad5acdea712a8d7017d2939ee5,diaries-responder/src/main/java/com/rsmaxwell/diaries/responder/config/User.java
dc6b2c077e62536923b91f81063a86e9e2abad95a0eb7436fca5890623342142,diaries-responder/src/main/java/com/rsmaxwell/diaries/responder/dto/DiaryDTO.java
8bfb4ac71fbba2508e3753ad18633a956e6970fbc2eef78092bfe21a011e6a14,diaries-responder/src/main/java/com/rsmaxwell/diaries/responder/dto/FragmentDBDTO.java
910a3f40623110542a0c7a9a191a78315d1c0f2415284078311df6c097ec20a7,diaries-responder/src/main/java/com/rsmaxwell/diaries/responder/dto/FragmentPublishDTO.java
84c0809f3b93dd1604efabd12818550a65843e26edef7bf1f65c7e86ceed31d3,diaries-responder/src/main/java/com/rsmaxwell/diaries/responder/dto/ImageDBDTO.java
408d4dc8e8bfc21d1f9936b570f80a7b2343ce511cc347b1b221f825a62b49f6,diaries-responder/src/main/java/com/rsmaxwell/diaries/responder/dto/ImagePublishDTO.java
32ba04fd1717bb9f89fd5a1382b4c56520ae1a3a1144c6a29e93270275abaa96,diaries-responder/src/main/java/com/rsmaxwell/diaries/responder/dto/Jsonable.java
39e4210cc49d17571948039e15d522768a99e93ecce91f27658b55d35aea0cfc,diaries-responder/src/main/java/com/rsmaxwell/diaries/responder/dto/ListFilesResponse.java
2aa56351e4e0f162504663df95057a8fe8ea5f557bb18f497d079ba6577c3eed,diaries-responder/src/main/java/com/rsmaxwell/diaries/responder/dto/MarqueeDBDTO.java
60c9bf98917c6e398368ac4df1737ee6935025ab983d1dacec0e4312a306ba0a,diaries-responder/src/main/java/com/rsmaxwell/diaries/responder/dto/MarqueePublishDTO.java
dc952bcc20ff3c11002ca95c0d3f57110beb28cd4c2f5f2bcf2887a1c3fc49dd,diaries-responder/src/main/java/com/rsmaxwell/diaries/responder/dto/PageDTO.java
e9ab84d2a4299a61e73742c5a6b7b951c6ea1f70bf5ef4fc07daf59e3470ce02,diaries-responder/src/main/java/com/rsmaxwell/diaries/responder/dto/PersonDTO.java
9e6e0c4ac0a732a9016c189a18a339b1403313a247c6d16d52c939ba21c0f4a3,diaries-responder/src/main/java/com/rsmaxwell/diaries/responder/dto/Publishable.java
5568b439a13f583e3a85e469e1be7c36c44ab9a7ee9886ffb0c427e281acdf09,diaries-responder/src/main/java/com/rsmaxwell/diaries/responder/dto/Publisher.java
51f8aed3d059426b7037d4f27f3b17500e14605fcab3c107f4aee36967b100bc,diaries-responder/src/main/java/com/rsmaxwell/diaries/responder/dto/UploadFileResponse.java
1a377fe39193c4c77bd4649095865ec04cc80c6d775ab750ab2a50fccb6381e2,diaries-responder/src/main/java/com/rsmaxwell/diaries/responder/handlers/AddFragment.java
923cde9d4080d94f5e36f617cd20d589c4c42e0b9ab6787202c5b7a94d5f50d0,diaries-responder/src/main/java/com/rsmaxwell/diaries/responder/handlers/AddImageFragment.java
fe84779139a1e52db48218c394869bd3c47ae3ee0122c571533f960b6a09aac7,diaries-responder/src/main/java/com/rsmaxwell/diaries/responder/handlers/AddMarquee.java
e717857f44a23f64988c39af2dd3f6aaf44e376fd3bc6898e28688fed7a530a8,diaries-responder/src/main/java/com/rsmaxwell/diaries/responder/handlers/DeleteFile.java
c6539159b918ce5a3c46db628716828209bafc9e1128415d8b761366e7af89a0,diaries-responder/src/main/java/com/rsmaxwell/diaries/responder/handlers/DeleteFragment.java
3471ea148e1a25d4e5cd8f016f2da59bcba828a06d3b8cee2569d99bad502dd4,diaries-responder/src/main/java/com/rsmaxwell/diaries/responder/handlers/DeleteImage.java
22bbf276c0e5e7755bf3076dfeeff805c3823fa5ab310379d8c1c3006c4827f6,diaries-responder/src/main/java/com/rsmaxwell/diaries/responder/handlers/DeleteMarquee.java
a556adaacbf18e70388696ec68d16ed806a6f600af98d52860dd95f0d29850be,diaries-responder/src/main/java/com/rsmaxwell/diaries/responder/handlers/GetVersion.java
a37855cd652b716fd5bb94cebe6b301dd5ddb9c68225daac0d7dcb85cc132714,diaries-responder/src/main/java/com/rsmaxwell/diaries/responder/handlers/Health.java
58c3502ff8a32021134c4d263587df5b0465928d9446f085274670569a3b0391,diaries-responder/src/main/java/com/rsmaxwell/diaries/responder/handlers/ListFiles.java
e0cfca74eb45f35f5e8914aa81c0512987d5e9b7bdcfa552b0827aa9e9a4f5a5,diaries-responder/src/main/java/com/rsmaxwell/diaries/responder/handlers/LockFragment.java
ca4725e6f7af5d3fcb91631fbba0fd2d37ece42ae5dc48ae231135b50f011b0f,diaries-responder/src/main/java/com/rsmaxwell/diaries/responder/handlers/NormaliseDiaries.java
7ea1ceaf3272c55da78b1d336af0563ef2beae62da15eb68c3e35ce8ec44f68f,diaries-responder/src/main/java/com/rsmaxwell/diaries/responder/handlers/NormaliseFragments.java
db09115030a794fe14fab7706d660ee501a36859dc599b64dcce76f7ddd9501c,diaries-responder/src/main/java/com/rsmaxwell/diaries/responder/handlers/NormalisePages.java
4ffd5f4915330f14c723e81faa3c342cc8dded0bf5a91aeed0de79cb1a4fcc78,diaries-responder/src/main/java/com/rsmaxwell/diaries/responder/handlers/Quit.java
fe5dc2b3eee2e6334d1d5bafc8cd80b1b68b39f346200750fb1a26266bc19850,diaries-responder/src/main/java/com/rsmaxwell/diaries/responder/handlers/RefreshToken.java
38d9d5b10751a5897fb83a17b1fb8a2c64b9133843d59bd017e0cf17eb3f5703,diaries-responder/src/main/java/com/rsmaxwell/diaries/responder/handlers/Register.java
4cb6ac0e62a050d423b41b0188021fb77bfa12748771faf4c32de271d5c77e0e,diaries-responder/src/main/java/com/rsmaxwell/diaries/responder/handlers/Signin.java
c0729d534c8c30dc750bb03c39e8dea889a04e98dd61b8521e6e9a3fa4f8eb76,diaries-responder/src/main/java/com/rsmaxwell/diaries/responder/handlers/UnlockFragment.java
80f1a819a3b3d4fdd07f9b848dd01f6ae2aa0b4f5bf4a6852c6cc0bab093edd2,diaries-responder/src/main/java/com/rsmaxwell/diaries/responder/handlers/UpdateDiary.java
f77d106e3debbc2ed44727110246fc4d71b28a2c9675acb4644b9d5fb3349f58,diaries-responder/src/main/java/com/rsmaxwell/diaries/responder/handlers/UpdateFragment.java
b579933a25a08733a54adaab066bf4cc2fe3b66e387847eb2c54eed53f32b4c6,diaries-responder/src/main/java/com/rsmaxwell/diaries/responder/handlers/UpdateMarquee.java
f568ac8a5e58d218279ea643c49c62fbb4da5602759e9c41498d789922c293b1,diaries-responder/src/main/java/com/rsmaxwell/diaries/responder/handlers/UpdatePage.java
9394d59f5d180ce949e5c20a9fa878d42fba31cf40db821f664115c118feba8e,diaries-responder/src/main/java/com/rsmaxwell/diaries/responder/handlers/UploadFile.java
16937e74525a0479d6cfeb8acb9e692ecc735d453a626fd5a5a9f13bb128ae6b,diaries-responder/src/main/java/com/rsmaxwell/diaries/responder/health/DatabaseHealthProbe.java
b04f461a4218ed9d933c14d3b93f3c783bf2b27ab0184893a90624b4cb0e37eb,diaries-responder/src/main/java/com/rsmaxwell/diaries/responder/health/JpaDatabaseHealthProbe.java
a247f20855b4dd868af0b1293c9042e12a1d69e8969dc49a9aa3c4125caeb2f7,diaries-responder/src/main/java/com/rsmaxwell/diaries/responder/health/MqttRpcHealthCheckClient.java
8a874ebf0e834ebc158e9684f109700311e76db588c1d36b2290b706b6c75b03,diaries-responder/src/main/java/com/rsmaxwell/diaries/responder/health/ResponderHealthCheck.java
43621f3d85eba85e3aeaf14b9ce3461a44034e526d33421dee0854c3b5a03f6b,diaries-responder/src/main/java/com/rsmaxwell/diaries/responder/migration/migration0022/LegacyImageDetector.java
58d3826ebcfea18844658f14aa7ada5ee51d2b719422dc73998eb60dcd2bcac3,diaries-responder/src/main/java/com/rsmaxwell/diaries/responder/migration/migration0022/Migration0022Inventory.java
74ee5710192eda3d930ce1b60f26ba919e0f150e2ed864bffbd67007ee375bd7,diaries-responder/src/main/java/com/rsmaxwell/diaries/responder/migration/migration0024/CandidateCrossReference.java
82fbc898b38d432a0a50fd687e1594f38f0a381db81a9682cfa72cc9391ae23a,diaries-responder/src/main/java/com/rsmaxwell/diaries/responder/migration/migration0024/CatalogueStore.java
12ea778d748f922219399bf3cce6b823db783308737f187120357b4093c38022,diaries-responder/src/main/java/com/rsmaxwell/diaries/responder/migration/migration0024/EvidenceCsv.java
0e54ec502963e0e004eb3e5f18d64071e3e3061e7bbff753a0b36eff9ba8a97a,diaries-responder/src/main/java/com/rsmaxwell/diaries/responder/migration/migration0024/ImageReconciler.java
deeb106f9aae93ae8111d49b4c865e80037b34de58de5bcce820dadad4089b01,diaries-responder/src/main/java/com/rsmaxwell/diaries/responder/migration/migration0024/Migration0024ImageCatalogue.java
5320b15c6c13cec0446f59282f14ac2ba7779eb751a32bf10fd81b0eea2d1372,diaries-responder/src/main/java/com/rsmaxwell/diaries/responder/model/Base.java
01fd31874fb3e8b17631d6ddd87aa86f0562cad395b3ab30552fa84ee9457076,diaries-responder/src/main/java/com/rsmaxwell/diaries/responder/model/Diary.java
603d0b3875abf476a89ee88c25a84922114e1dd537c79305358c9313039d8b08,diaries-responder/src/main/java/com/rsmaxwell/diaries/responder/model/Fragment.java
c6b5bfef8b1d054a52cd353648911471489f05e201cf3a0f9d410e7fcffe0a45,diaries-responder/src/main/java/com/rsmaxwell/diaries/responder/model/FragmentType.java
3600ec7be8812f80283b80faf205c87fae9d606066442814f9195d2cac2bb963,diaries-responder/src/main/java/com/rsmaxwell/diaries/responder/model/Image.java
4d3d343beffe9a36a64b675cb759151723a1b4f7b91a9baa265fbbff841d4f04,diaries-responder/src/main/java/com/rsmaxwell/diaries/responder/model/LockInfo.java
54bdb44413ea1488f1c0c04e9cea066944ae9cd519b2d215fad20e963a8be866,diaries-responder/src/main/java/com/rsmaxwell/diaries/responder/model/Marquee.java
464be4002572246438626d87cd11182f76b9879882db838d716ef986e6277bc8,diaries-responder/src/main/java/com/rsmaxwell/diaries/responder/model/Page.java
fb4f258c0339c835c826cc299a408bf735235716a7c36397b4b222aa44208626,diaries-responder/src/main/java/com/rsmaxwell/diaries/responder/model/Person.java
d551d0e9d0e50c1f4ae1564cfb11123d18b6bbb3f0dc3cbf0711976bc0f2a16e,diaries-responder/src/main/java/com/rsmaxwell/diaries/responder/model/Role.java
7e2c5903ba6862d36c17b7e38498b36b7c3e9e52a44c517977b6786a2abac566,diaries-responder/src/main/java/com/rsmaxwell/diaries/responder/model/UserStatus.java
c97813fac4b12df8a5ff3b45caac4df0d8b61c9c392b343a5ef322c3faf0a5f2,diaries-responder/src/main/java/com/rsmaxwell/diaries/responder/repository/CrudRepository.java
5028032d344561fa57ee9b62330f8ee98c52ebf572d497c3647bc94189285288,diaries-responder/src/main/java/com/rsmaxwell/diaries/responder/repository/DiaryRepository.java
d54571ce132a6eadeab4869e14ebc377507f50f80484ca8f9de317404a90751b,diaries-responder/src/main/java/com/rsmaxwell/diaries/responder/repository/FragmentRepository.java
86e71397c723481e59b28d3ed5aabe91df57a551f93ba661b172c23c8614531d,diaries-responder/src/main/java/com/rsmaxwell/diaries/responder/repository/ImageRepository.java
4dd1a340f17545efb7e53b2bdaa51d4d8314adcce45ea04b2993116401c7ce83,diaries-responder/src/main/java/com/rsmaxwell/diaries/responder/repository/MarqueeRepository.java
54e83e5620ad6199fb1786d90642555aeeab717898b1a0a77c1f7c3d729add82,diaries-responder/src/main/java/com/rsmaxwell/diaries/responder/repository/PageRepository.java
805c800ce49a377f1a7a1c438e6fd7634cec1c21e45c549bbe7a74607eddb9a2,diaries-responder/src/main/java/com/rsmaxwell/diaries/responder/repository/PersonRepository.java
58cf857c193f8b3ebf0f8b4337451455e4c26bfa7c7a0641a85cc0be78de335e,diaries-responder/src/main/java/com/rsmaxwell/diaries/responder/repositoryImpl/AbstractCrudRepository.java
382ccc9ccc7eefb9a219b174262154e6fa5d13464d3bb8daed10fdeb5d4a322b,diaries-responder/src/main/java/com/rsmaxwell/diaries/responder/repositoryImpl/DiaryRepositoryImpl.java
9ce0cc878e0bbe8f36af00884f33cd8943169c0868f03106b558b3a6ca4098f0,diaries-responder/src/main/java/com/rsmaxwell/diaries/responder/repositoryImpl/FragmentRepositoryImpl.java
1e2b57391ae011881b7650c06038793a4763058f5268831912a18945bc1ac455,diaries-responder/src/main/java/com/rsmaxwell/diaries/responder/repositoryImpl/ImageRepositoryImpl.java
fb21a06b2ae69febc5af92e6579fac2d64efd814f0cf1b3ba25ba076176cfe1c,diaries-responder/src/main/java/com/rsmaxwell/diaries/responder/repositoryImpl/MarqueeRepositoryImpl.java
0a39949ff474ad24aab416eb492e40537a82d7984ed46501e875b4eee6fb42da,diaries-responder/src/main/java/com/rsmaxwell/diaries/responder/repositoryImpl/PageRepositoryImpl.java
b6b28e5cc0ac142028a0f52cd13d05c921078444f6fad5e6afd7ab3049fecdf0,diaries-responder/src/main/java/com/rsmaxwell/diaries/responder/repositoryImpl/PersonRepositoryImpl.java
e6960d76ae50c4d81f192cb7f44fac6255169b88cc709d3c003e619d450e5ce6,diaries-responder/src/main/java/com/rsmaxwell/diaries/responder/response/RefreshTokenReply.java
07b097538ff58e2c0eecfd251cd982e2035768c07ea7e6e0030eaeacd0129adb,diaries-responder/src/main/java/com/rsmaxwell/diaries/responder/response/SigninReply.java
e6709af356ea55990d607cf625ba5edaea0257e96d5bf40de71d0fdb67f7cffa,diaries-responder/src/main/java/com/rsmaxwell/diaries/responder/sync/Synchronise.java
09d775d25abf2eafdae9d895f8d5678aafb9daad964e8ccc3c2d83f83fd0059a,diaries-responder/src/main/java/com/rsmaxwell/diaries/responder/sync/SynchroniseCallback.java
fb4b180e216311397abbd90e39b269e89d467be57d36f7fca13ea44de95426a0,diaries-responder/src/main/java/com/rsmaxwell/diaries/responder/template/ImageInfo.java
959a34b79477e147cf454e70ca457c369f0e625d1fa5cc5e3efd6ab7bf68591b,diaries-responder/src/main/java/com/rsmaxwell/diaries/responder/utilities/Authorization.java
8c7274c7c8183922ef88c8932fb1d963c4bda5763df7d3d805c88704db2329fa,diaries-responder/src/main/java/com/rsmaxwell/diaries/responder/utilities/ConflictException.java
967a26714df641f71f77f7dae2bc2232f8635fbd4dc95a1fae280e2d197d0a84,diaries-responder/src/main/java/com/rsmaxwell/diaries/responder/utilities/DiaryContext.java
b1cfbf59c81cec04b4d17748c95f00c670136226ec6c137e4021760dbe865b30,diaries-responder/src/main/java/com/rsmaxwell/diaries/responder/utilities/Field.java
e48cb56556af689c5df8e8485c271f3351846dfc040f1ea9e2ee34cf7f18e42b,diaries-responder/src/main/java/com/rsmaxwell/diaries/responder/utilities/FragmentLocking.java
3db0f394225c891a4a4223ed5228363d99b542595670048bdb9b4d5b0bc1c773,diaries-responder/src/main/java/com/rsmaxwell/diaries/responder/utilities/FragmentSequenceNormaliser.java
600bb6ce61bc2efc851c539d08659b4a2b6d24dcb88e6edc8c8edaf0f483aa77,diaries-responder/src/main/java/com/rsmaxwell/diaries/responder/utilities/GetEntityManager.java
afb5dfca23c0ea0a0ef1d2b8c4e84ada98dc32620b7ea23a64ac92e484843961,diaries-responder/src/main/java/com/rsmaxwell/diaries/responder/utilities/ImageCatalogueService.java
f541f28c562a2e5f626b3fcd2dff5e3479b2a8ff6a47029c1065b5ae7a7a0e46,diaries-responder/src/main/java/com/rsmaxwell/diaries/responder/utilities/ImageFragmentMessageHandler.java
4ac449f847ecbd8aac0e00fc78f0d75bfc5ff324bfbb2e5e295dfb8e45fa6a9a,diaries-responder/src/main/java/com/rsmaxwell/diaries/responder/utilities/ImageFragmentWritePolicy.java
e7f6afa561af31b239d156755b6d05da1742f9b71034b7b17ffd208576c58000,diaries-responder/src/main/java/com/rsmaxwell/diaries/responder/utilities/ImageItem.java
338c81e7475140f894229f528f91d87c8e3a7d22586c0e440bc4db4ca49a35fd,diaries-responder/src/main/java/com/rsmaxwell/diaries/responder/utilities/ImageMetadataInspector.java
2ad518d57a23ef30421a12621c9bd4db1fe929b6e4aa3df7537a04c802184fe0,diaries-responder/src/main/java/com/rsmaxwell/diaries/responder/utilities/ImagePathPolicy.java
f5ef8180d5b260df47e6a524e79515e0f50c832a192448b7964c3f7361ee021b,diaries-responder/src/main/java/com/rsmaxwell/diaries/responder/utilities/InspectedImage.java
12c76b2adf50cd6eaa23f1cb1d4402a655facfc75ea81c4a05a2bb18bab5ef85,diaries-responder/src/main/java/com/rsmaxwell/diaries/responder/utilities/MqttCallbackAdapter.java
f9bfa8234ed40f98c45d54fbf715647aa2f9b6d4cfd1d5c455c1e1f774d16c3f,diaries-responder/src/main/java/com/rsmaxwell/diaries/responder/utilities/MyField.java
984d81e9ecb845058e04c06d975a7d74834f5f52202b1766b164f36f29d7d349,diaries-responder/src/main/java/com/rsmaxwell/diaries/responder/utilities/MyFileUtilities.java
e4e879b41d4180329ac2bdf1de6dc2f9551029792c3efa40ca6fd2b3dfee5c8f,diaries-responder/src/main/java/com/rsmaxwell/diaries/responder/utilities/MyGeneralUtilities.java
f6d594230bf6e35023eb8c4d00d538ba4aa14c64ea8f0cddee17161b460552fc,diaries-responder/src/main/java/com/rsmaxwell/diaries/responder/utilities/MyImageUtilities.java
a6156cde7c0f2a9e5a78bb68a6fba37a247354b8dbbce54da6c1af8cda6d9ca2,diaries-responder/src/main/java/com/rsmaxwell/diaries/responder/utilities/MyMessageHandler.java
12b65bf729313346f729508857bfd4cb7de92b87f0dc8ff2302be88aec9df9cc,diaries-responder/src/main/java/com/rsmaxwell/diaries/responder/utilities/Pair.java
2571c822d3d55a809d2aaffde2857c0be2220c316a3d01d7d73ee546fa1e36a7,diaries-responder/src/main/java/com/rsmaxwell/diaries/responder/utilities/PersistenceUnitInfoImpl.java
978e93ff8174cac94f6a0cfbb310a434a5d5e995a6ca1eee01af2ab2e5e04832,diaries-responder/src/main/java/com/rsmaxwell/diaries/responder/utilities/Rectangle.java
640ec809bf7c16102026dd9aa6ecc12b4e9c8c9bf28e348552f357578d85f6cd,diaries-responder/src/main/java/com/rsmaxwell/diaries/responder/utilities/ResolvedFragmentState.java
3f18b749c99d04d872137e09b9c97ca60667e706aecf09c2cbe33ca2208eea30,diaries-responder/src/main/java/com/rsmaxwell/diaries/responder/utilities/ResolvedUpload.java
d4cb3d5130319fb591636238f25c58c82970ee980f04275461eaecdd56b887c7,diaries-responder/src/main/java/com/rsmaxwell/diaries/responder/utilities/SequenceNumber.java
b23e60833804ee2af656a2093dc0defaff8e300141ed19b4945691ac6a93a67b,diaries-responder/src/main/java/com/rsmaxwell/diaries/responder/utilities/SqlBuilder.java
58381d1998b8b813bdc4d54b10bd7f16cf75d7cf99b23ff18a90d2d05b55df5e,diaries-responder/src/main/java/com/rsmaxwell/diaries/responder/utilities/TriFunction.java
20a45ec41d261e6ec667e28bf6695de3d72be69346fbf35b746b21da10b2b227,diaries-responder/src/main/java/com/rsmaxwell/diaries/responder/utilities/WhereBuilder.java
f612bdb6def02a3595a30e0a4927573cf97bed5b1bde434c17ec7e133c26c6a8,diaries-responder/src/main/resources/META-INF/persistence.xml
65ed524071a83231ae89993d0ac7847892c222e6615ffb47aa39d29529f594d7,diaries-responder/src/main/resources/com/rsmaxwell/diaries/response/image.svg
21aeca523475e2d7c2c3cea86cce2e4c9beb79f823caf31b38269f685245377a,diaries-responder/src/main/resources/log4j2.xml
e753cf9df5278f1f53b96b66a729e6fc0360a3069db8520816a56bb7296e6159,diaries-responder/src/test/java/com/rsmaxwell/diaries/responder/EmailAddressFieldTest.java
ec3e59afc807e5eedd59a699acf4a2c0c3b94addfdc920ed5958e9642759e19b,diaries-responder/src/test/java/com/rsmaxwell/diaries/responder/ImageDeletionBrowserFixture.java
5999cb389d7cd5fa1e133b7d3392a668b90d2d0a6ada8a4315b33de6fc3d08fe,diaries-responder/src/test/java/com/rsmaxwell/diaries/responder/ImageWiringIntegrationTest.java
c3a07690b039298dcb0a7fd3e587c90151a1d2d4ef18291359cad945d06ae4aa,diaries-responder/src/test/java/com/rsmaxwell/diaries/responder/PhoneNumberFieldTest.java
f15b6825a75d2fc37de8b39d1d96a77c50338e929066b3e0bb88c0ba995a243f,diaries-responder/src/test/java/com/rsmaxwell/diaries/responder/RepositoryTest.java
9cb4bca78857fb359b0516242c0b78a85046c4b3b4e29ad8ce7f0e604d90720a,diaries-responder/src/test/java/com/rsmaxwell/diaries/responder/StagingHttpTest.java
3aa664e9c01fe21662e6bc44b06e480c04d9a422f47e90761e1aa9f2c2802345,diaries-responder/src/test/java/com/rsmaxwell/diaries/responder/config/ImageFragmentGateConfigTest.java
e4dde780f5fd45d6a38ba748ceabee7c4b22c532e125bd6b28f939cab1ad670c,diaries-responder/src/test/java/com/rsmaxwell/diaries/responder/dto/ImageDtoTest.java
be9781ffd2daf8dc27dab66fdc33da79481615eadbb50543a8a3dd277ca17868,diaries-responder/src/test/java/com/rsmaxwell/diaries/responder/dto/ListFilesResponseTest.java
3e30f7c5ec62818f2b8f10ddffcb0d910f86bc2646e79445641cbb3379e7b227,diaries-responder/src/test/java/com/rsmaxwell/diaries/responder/dto/RetainedStateDtoContractTest.java
d243d9c460b91a463912a1eadf2a5b1fa5007ae15c971d83fffbe62c340ba52e,diaries-responder/src/test/java/com/rsmaxwell/diaries/responder/handlers/AddFragmentContractTest.java
f15ece02576aeef52fb6b49623e1e41b4525189a4ef9da0043b43447b556f055,diaries-responder/src/test/java/com/rsmaxwell/diaries/responder/handlers/AddImageFragmentTest.java
1e1d33c6295814f647892c63a15ca706942f6caddc4ef68c8b8592926d444f65,diaries-responder/src/test/java/com/rsmaxwell/diaries/responder/handlers/AuthenticationHandlerTest.java
a28e74ee7494aea7d5fa2b6aeb42b2c50b9eccfc862e52b4cd99bb09ea2e8b23,diaries-responder/src/test/java/com/rsmaxwell/diaries/responder/handlers/DeleteCatalogueTest.java
5f61cba314052f0bbc3c54a2046ded50bc2be78844a5042f5e5b05a6d9f750fc,diaries-responder/src/test/java/com/rsmaxwell/diaries/responder/handlers/DeleteImageTest.java
ea47b647868be4d45e33c70b4a5025c2ad59aa8193495d0f9032c98a97f5fa9d,diaries-responder/src/test/java/com/rsmaxwell/diaries/responder/handlers/FragmentLifecycleContractTest.java
875818fdb6afe0c6bb51a75e5665cc77c909fdeb842018eb1daadc6b3a400064,diaries-responder/src/test/java/com/rsmaxwell/diaries/responder/handlers/HealthTest.java
2c67bc6940b0581bd5a7287530e809657d087f360289a8c979ffaec97ef80d3e,diaries-responder/src/test/java/com/rsmaxwell/diaries/responder/handlers/UpdateFragmentImageTest.java
5db54a3de7376a031e6b1e1f32d6772b6ea221c830e5dc349cfdcf49e5789ca2,diaries-responder/src/test/java/com/rsmaxwell/diaries/responder/handlers/UploadStagingTest.java
a0483c410ee476f727d8b8bf1352a5bb08684046fe8bd6a526b62343b4efb5e5,diaries-responder/src/test/java/com/rsmaxwell/diaries/responder/health/MqttRpcHealthCheckClientTest.java
c912d4bc66d3cb17016ec852485807da139c3f78ddd06af26562087fecb9de01,diaries-responder/src/test/java/com/rsmaxwell/diaries/responder/health/ResponderHealthCheckTest.java
70fbc6a6278379da910fcd57987dcd1b631fc2d8eafed46f0ef424accdcdd557,diaries-responder/src/test/java/com/rsmaxwell/diaries/responder/migration/migration0022/LegacyImageDetectorTest.java
fb4343199932fe91efc512f187c348dd73e492c5f9c140b27faa9e2e7bf29088,diaries-responder/src/test/java/com/rsmaxwell/diaries/responder/migration/migration0022/Migration0022InventoryTest.java
2fd81cbf7231d47e8d6f32b321d902f3a74b878d69a826d534b0187cd583e123,diaries-responder/src/test/java/com/rsmaxwell/diaries/responder/migration/migration0024/ImageReconcilerTest.java
7fc72895259ed6119a54e822592106fc6d4ace77a9cfcba94f55379575d7da98,diaries-responder/src/test/java/com/rsmaxwell/diaries/responder/migration/migration0024/ImageReconciliationIntegrationTest.java
3c661caf8810b4014ce9366fb93e1993617279e5434b54fd62462b21d2c127cb,diaries-responder/src/test/java/com/rsmaxwell/diaries/responder/repositoryImpl/FragmentRepositoryImplTest.java
c0bf7110d74eb6409498eeafdd42ab83ca87c7c6c18803956bd87df9b880f287,diaries-responder/src/test/java/com/rsmaxwell/diaries/responder/repositoryImpl/ImageRepositoryIntegrationTest.java
c10a8ec226cf1b7faed42e19b2b131944c6495e0c4e2c82b84c199a8be75d08a,diaries-responder/src/test/java/com/rsmaxwell/diaries/responder/sync/ImageCatalogueMqttIntegrationTest.java
971fe1c74db34a6ea7864a2ca1fe24c897f26df26a31df05f24732ad920c3a0f,diaries-responder/src/test/java/com/rsmaxwell/diaries/responder/sync/SynchroniseCallbackTest.java
77911070f3b680a09f782d4f4c2738dfb53bb1fef890bd5a431dfc66cb15e312,diaries-responder/src/test/java/com/rsmaxwell/diaries/responder/sync/SynchroniseLargeRetainedTreeMqttIntegrationTest.java
226bce5c56b99a9aca0fe5e6b75defd97deb3b5baefbfb94b8cfc2359cfe40dd,diaries-responder/src/test/java/com/rsmaxwell/diaries/responder/utilities/AuthorizationTest.java
7a6745a1e3193367e7e4851df462060c2029726f01d5874165feb60c43bb97a1,diaries-responder/src/test/java/com/rsmaxwell/diaries/responder/utilities/DiaryContextImageTest.java
aeff7ac6f9a4a1f1dff505e37a33f8bfb3b85d08e9d0f53308ba9ecf072cc19a,diaries-responder/src/test/java/com/rsmaxwell/diaries/responder/utilities/DiaryContextTest.java
6823344e1cc68d36509705b36d4b842efdbf69e9c9116d66d02a03f2a5473257,diaries-responder/src/test/java/com/rsmaxwell/diaries/responder/utilities/FragmentSequenceNormaliserTest.java
72455f1336743ff4583a25e04df4e2ea9815c5cbbdd0a456f748a71562c94d14,diaries-responder/src/test/java/com/rsmaxwell/diaries/responder/utilities/ImageCatalogueDeletionTest.java
c50bb8a6597839f427c6231834a203e103047c35831ad61a6c98bbc62844205c,diaries-responder/src/test/java/com/rsmaxwell/diaries/responder/utilities/ImageCatalogueServiceTest.java
70fc052e67ca931cee5595c1b4f11a064c9497bbb1d7a7d6f2c8f8ed036bd7cb,diaries-responder/src/test/java/com/rsmaxwell/diaries/responder/utilities/ImageDeletionConcurrencyTest.java
d57d4c3885587b60850232842785353021825b65c4a08a6ae803a0bb98dd0171,diaries-responder/src/test/java/com/rsmaxwell/diaries/responder/utilities/ImageFragmentMessageHandlerTest.java
cd50ed23ffb09e227745f21c309cec780850456a825fb86bbc6f625102e5c881,diaries-responder/src/test/java/com/rsmaxwell/diaries/responder/utilities/ImageMetadataInspectorTest.java
3d64182e6173fde3463b16eb805fa321557742dbccd01734b7fc6b6e0727a00c,diaries-responder/src/test/java/com/rsmaxwell/diaries/responder/utilities/ImagePathPolicyTest.java
e404f5ce38c55fbb5b3caaedaf5bd52185be7148eca8a9725b173b945c505c84,diaries-responder/src/test/java/com/rsmaxwell/diaries/responder/utilities/ResolvedFragmentStateTest.java
e3b0c44298fc1c149afbf4c8996fb92427ae41e4649b934ca495991b7852b855,diaries-responder/src/test/resources/.gitkeep
fe3808e0bcca432a496b7043a89e22b70fb9914d841242e957891712726dd680,diaries-responder/src/test/resources/image-inspection/PackagedInspectionProbe.java
3c48e8cae6350d76b7271d496278afc1dd3b2bc9ce21bbc81007953a661d2011,diaries-responder/src/test/resources/image-inspection/animated.gif
23999a44d5ceebaabc5097b06e4e3d91401a61b286bb245475af5747d8e6b95c,diaries-responder/src/test/resources/image-inspection/animated.webp
35e48668d9e0005649de3b1a24df32f781f8ecce6832939649e88287f3e29dea,diaries-responder/src/test/resources/image-inspection/generate.py
b6c85439a8ccd195444ee578a43366170712b108d4920a2a1d2b18c303f03233,diaries-responder/src/test/resources/image-inspection/lossless.webp
7a62da97a409448ad6a06304bbcb5c61f8c09e3e77b3118b6c8ab9059e1faa8b,diaries-responder/src/test/resources/image-inspection/sample.gif
2f7063169dfe2a314a188c41e9f657fc277b004a4ad8a327a23d57dd45e6e182,diaries-responder/src/test/resources/image-inspection/sample.jpg
c058bd573b19d4bfc140c95a103f51fb4ded20bc81ca619d4fd965d93a9a86bb,diaries-responder/src/test/resources/image-inspection/sample.png
feb9a48a8d4b562b78ae5da3bbb08caedf0e36fa55fb436e46285996bcddec9f,diaries-responder/src/test/resources/image-inspection/sample.webp
a3c0d76046066e0ee750a28f1755be0386a5b216e06461f9cfa1f2c46a349342,diaries-web/Dockerfile
053b7d32d7e28fc70a13ec97d4b63a6c5a91431764f52d567a63359d9d8f472a,diaries-web/build.gradle
1bcb30e2b7f6438569b2a62a01bd6717b2f25259acd8030b7061ccd1b23e85c7,diaries-web/config/diaries-web.docker.json
1d254cabab98106a61fd80307d75863b2aee21524fda9b154cb3b022fe460736,diaries-web/src/main/java/com/rsmaxwell/diaries/web/DiariesWeb.java
3b23da4be0d51d7fa311e87b6660c35b421a0266c1ce8266f605dddd9b034cf0,diaries-web/src/main/java/com/rsmaxwell/diaries/web/buildinfo/BuildInfo.java
91fc35c9880d1bb6df66f7c3d1640528fa0c664adac765522f4b67cb615eb5ca,diaries-web/src/main/java/com/rsmaxwell/diaries/web/config/AppConfig.java
638f6d7928dab3223ddcf60a1c50cb5a16376dd6955350292e905317226a816f,diaries-web/src/main/java/com/rsmaxwell/diaries/web/config/ConfigLoader.java
ef3f5078bed2ab9e6598dede74e25a7c49a9a6f20a21b1c9333b8193026e59ac,diaries-web/src/main/java/com/rsmaxwell/diaries/web/config/LoadedConfiguration.java
ba26f9a0cc3a6bc7f8d5464091b571c4987889e02e662e3bd8571d8db5c8ebb1,diaries-web/src/main/java/com/rsmaxwell/diaries/web/config/MqttCredentials.java
bb5c42d75b5a90f6fbc463dfe5cf3232ef85d2bde65e0e0c94b05168d84393af,diaries-web/src/main/java/com/rsmaxwell/diaries/web/http/SiteUrls.java
7922dbeb6bcaf74448253dabdd0f3019a20e85c7c4078fc76a19a7498b973b1f,diaries-web/src/main/java/com/rsmaxwell/diaries/web/http/WebServer.java
abb13649b52a2ba0aebe73be2ee949171e06760b0317e84e8c85a446c5afc4c5,diaries-web/src/main/java/com/rsmaxwell/diaries/web/model/DiaryItem.java
61ae024884df804e5a1375fde11527728c0d0d6fa51613f0bd3c54d8af8c509e,diaries-web/src/main/java/com/rsmaxwell/diaries/web/model/FragmentItem.java
b44381ec31825772d96360f07dba36711cbd305ec2fed634a502c4c59f420d13,diaries-web/src/main/java/com/rsmaxwell/diaries/web/model/FragmentType.java
c2f8ce05099b4e5df936b7d8b437c04c0626bd2fed32e92a29b40f928f2925d9,diaries-web/src/main/java/com/rsmaxwell/diaries/web/model/ImageItem.java
27f11f717f1e349c5725dcd20d5da62987477aca7a58b98f09b7dec6e131711c,diaries-web/src/main/java/com/rsmaxwell/diaries/web/model/MarqueeItem.java
9e72a7e2a4e28b18baa9e4139090e20806f6b9e680cef9dea9b8bd1383f2c860,diaries-web/src/main/java/com/rsmaxwell/diaries/web/model/PageItem.java
99133b7498cf89b50d07bab33be7f554cdd1ce7b7ffb5ad5b2e20cac46ca6d28,diaries-web/src/main/java/com/rsmaxwell/diaries/web/model/RectangleItem.java
7dbdbbb3a9f2480ab6fd8af324e2b812d59e74b1ccdc14c408139878ce4bc0ce,diaries-web/src/main/java/com/rsmaxwell/diaries/web/model/Validation.java
2ca88952af1a28c530622057cd6e96f7a299eb702ea2f82313d0d170e9b282f0,diaries-web/src/main/java/com/rsmaxwell/diaries/web/mqtt/EntityType.java
aeee354afd559ac75bfe8425577eda65ff28558e302a4a51e2df75abe91c1ca9,diaries-web/src/main/java/com/rsmaxwell/diaries/web/mqtt/MqttProjectionClient.java
773c8a2ae6706378a20600250e9934c205af6e420ea21d5403727bb0879fcd50,diaries-web/src/main/java/com/rsmaxwell/diaries/web/mqtt/ParsedTopic.java
dd472e51dd29784810d29e69c49cefaf1a4de50dcea0831c4b349c1648989c17,diaries-web/src/main/java/com/rsmaxwell/diaries/web/mqtt/RetainedMessageDecoder.java
03ecd4e304cf83f9777bec3a4eb14bd4cffc024563397a509796b0ef32e8eb96,diaries-web/src/main/java/com/rsmaxwell/diaries/web/mqtt/TopicParser.java
2eb113f71876dca28aceea4949f53367abab9ea196a17ddce83385f4e8d740ce,diaries-web/src/main/java/com/rsmaxwell/diaries/web/projection/DiaryDayKey.java
94c2a77f4abc350635279393089230762847137efb4af76a18eff61c0d49c17c,diaries-web/src/main/java/com/rsmaxwell/diaries/web/projection/DiaryMonthKey.java
05c571cd1874dadc2bbe89b88742d589316a907c8565013be4da617ec92265be,diaries-web/src/main/java/com/rsmaxwell/diaries/web/projection/MutableProjectionState.java
a05fecf313ef2052e532d1b25288a289e27aee21ce20544c3c554036f4a9d491,diaries-web/src/main/java/com/rsmaxwell/diaries/web/projection/ProjectionEvent.java
e0cf6fb6fe419942716ea9c3c578f663ebc828deedb4c852e0ad42a7c7c11ae2,diaries-web/src/main/java/com/rsmaxwell/diaries/web/projection/ProjectionService.java
ca136038cd7a279a59888f68c9387a1dbba0dc3fc38e02ef56959d11c94f6256,diaries-web/src/main/java/com/rsmaxwell/diaries/web/projection/ProjectionSnapshot.java
1a08c034026f98193634e8d0c6619ea8872d8ea99a4c291692f6073f0863a332,diaries-web/src/main/java/com/rsmaxwell/diaries/web/projection/ProjectionStatus.java
efc0b44e1d29c81d1bb8c431fa4e717238fb8c065f023df972e24b0f0e15503c,diaries-web/src/main/java/com/rsmaxwell/diaries/web/projection/RelationshipDiagnostics.java
7dddb14f00dab9470cf75631d2818e60e584163a0064d91f40671b158f28f9bf,diaries-web/src/main/java/com/rsmaxwell/diaries/web/projection/ResolvedFragment.java
b9b962dfb92c7b00f0c24d7887314da559850095b8685e24e8ff6f60b3f69812,diaries-web/src/main/java/com/rsmaxwell/diaries/web/projection/SourceConnectionState.java
9e20c62dad76fe75de6d76f9f40ce03b0b00a4df0db4936548a05e88817c6c17,diaries-web/src/main/java/com/rsmaxwell/diaries/web/rendering/FragmentHtmlSanitizer.java
6512cc5d285b6704346294fbe2c206faafcc0517a988ed3b77b0a57ccb956b9d,diaries-web/src/main/java/com/rsmaxwell/diaries/web/rendering/ImageUrlBuilder.java
65272d3b18212d6268ce73224280d60e87e44e4bc6be259e024cb860a82a7780,diaries-web/src/main/java/com/rsmaxwell/diaries/web/rendering/LegacyImageUrlResolver.java
432ce63a0d71cc762ccd2936a23ac061e03113ee2ac03d847d6bfbf2a238746b,diaries-web/src/main/java/com/rsmaxwell/diaries/web/rendering/PebbleRenderer.java
d3a43af191ec7b870f1359bcb3678279e6775946f56212518c3bc067d9b2a48e,diaries-web/src/main/resources/log4j2.xml
ebcfdd99852d511a7d52404b5b0e2c87f1fe5e48c5c890b3ee57315f0c7b447e,diaries-web/src/main/resources/static/css/diaries.css
f40f1a1cc7247d4d935b06807f02a81583d94cb804bf004d637521522a20812f,diaries-web/src/main/resources/static/js/diaries.js
17d37b607061cc89cd264e1dfe3cb144af021bb54295b64aaed41c12a6169d7c,diaries-web/src/main/resources/templates/about.peb
cc757196a0d908a9c3f7e71537b456cd96a667769355587eddc12c1af1878e5f,diaries-web/src/main/resources/templates/diary-index.peb
9af1494f057edcb1b1c6a91b1dca7c4040c76f1ec59530468439e32be6954688,diaries-web/src/main/resources/templates/diary.peb
e4f15ae03e6ded5497dc468e3ce47e91823f883a083e277c958a6457c3ea27e8,diaries-web/src/main/resources/templates/error.peb
de4db593e861e6a56a1f7ec4f986e4f4b0f214642c4b16d08eda680c162c3c44,diaries-web/src/main/resources/templates/layouts/base.peb
26ade5a4cce69c0fc3012d4379d25abbcc170c8f3760983485dd3d41fbeb7398,diaries-web/src/main/resources/templates/month-reader.peb
d90cd975b63158eaf2da08b2f8a0535f64b182f6bbde16625b482be679c20257,diaries-web/src/main/resources/templates/source-page.peb
617566b001bfc54ed082cddca3982c4134accfdbe8ea57692b74688b22b78d5e,diaries-web/src/main/resources/templates/unavailable.peb
4a812c4ee76863a9575122941a2663eda02b93db362ae3e1dcb01285edbdcbcc,diaries-web/src/test/java/com/rsmaxwell/diaries/web/SyntheticSiteMain.java
37647ede2610837ff493a382616bd9a3ffa6e1aca09ffbd3ed2060170edb8d30,diaries-web/src/test/java/com/rsmaxwell/diaries/web/TestData.java
6c896d956b66909033507676968295e44ad336702a8f26731c7142d146548b45,diaries-web/src/test/java/com/rsmaxwell/diaries/web/config/ConfigLoaderTest.java
0ac1ad373bd0e88a418c6f6ac0a9bbbc12a52b5dc806fd1bfc05f8fbf877bfff,diaries-web/src/test/java/com/rsmaxwell/diaries/web/http/WebServerTest.java
f1cfad28fce969589ceb97554284263c6e627e6a13524ba1f2569a640259faf8,diaries-web/src/test/java/com/rsmaxwell/diaries/web/model/ImageItemTest.java
09f00d799527bd84f5a9431ae04875bb1f2222fbeef7cc29157b8dba1d6307f2,diaries-web/src/test/java/com/rsmaxwell/diaries/web/model/PageItemTest.java
713aa2aeea8212b3b08cafc4d3e61c49a8756f2ab9f2c9d7d7f9b3d7132be2d4,diaries-web/src/test/java/com/rsmaxwell/diaries/web/model/RectangleItemTest.java
99370a2662b62d80526f57593b9a3f6815ead24342e99c0f263240787596ca6c,diaries-web/src/test/java/com/rsmaxwell/diaries/web/mqtt/ImageReaderContractDefinitionTest.java
bcfa9f23fe896cb4e2f53443e08807907219449e3c40e77e33f3d443948280d6,diaries-web/src/test/java/com/rsmaxwell/diaries/web/mqtt/MqttProjectionIntegrationTest.java
e0e8b4592a7e32d2a21684326cb9b848bb71cebe7d76cffb64e7f376c1efb72f,diaries-web/src/test/java/com/rsmaxwell/diaries/web/mqtt/MqttReaderAclIntegrationTest.java
d9756de3d6793c9b5db39c4315fa906777c10ef12a7327410337f5cf35e4beb1,diaries-web/src/test/java/com/rsmaxwell/diaries/web/mqtt/MqttSubscriptionTest.java
e66987c87bec7f563c69fd86990bbf05773a43a7984ea927908fa74c879ef23b,diaries-web/src/test/java/com/rsmaxwell/diaries/web/mqtt/RetainedContractTest.java
6935d3ebcbd53134533ab8d824e84b97b082bccbd735482cafdd63723538bf7c,diaries-web/src/test/java/com/rsmaxwell/diaries/web/mqtt/Step12MqttHttpIntegrationTest.java
10dacce8469f15b284119e62ffcde48d2cc642602a74739a007c9b3679305576,diaries-web/src/test/java/com/rsmaxwell/diaries/web/projection/ProjectionServiceTest.java
a5715946feca5d8348e45355bf725e8445db15b53ca74624b9fb2ddbf2c93320,diaries-web/src/test/java/com/rsmaxwell/diaries/web/rendering/RenderingSafetyTest.java
496cec96667dad020482980bcd5be075b7478106f2eb38630a1df912bcb89294,diaries-web/src/test/resources/fixtures/diary.json
9a8b89a93a1399dcde85d1bc5b13569c1d787c54896d0b49f6d7c9f68f10825e,diaries-web/src/test/resources/fixtures/fragment-legacy.json
0f0acdca40143ead561d6e85786f9f8f5b8d7cf9fadb520523aa97e508d71b04,diaries-web/src/test/resources/fixtures/fragment.json
3fe9b78c5d9bb909ef35fc9a5d24d2e67a595c05adca610313f73f9e8ea95bdb,diaries-web/src/test/resources/fixtures/image-reader-contract-cases.json
d4c17a782d0c929d8169b7fec63157bec079ea07f294d38025d3e9a30425e798,diaries-web/src/test/resources/fixtures/image.json
ff573b7b52b1501ca46cb3da831fc52de1fb3e91146b4005e08b7fdfe37c2bab,diaries-web/src/test/resources/fixtures/marquee.json
4bd8dce34e41e055d71770e71a63a93ca1c751d7b473b8d2bc7a5790ade9097d,diaries-web/src/test/resources/fixtures/page.json
b090121bb76847770a304a715a285446ded75039993498e737b56aa0abdc45b1,diaries-web/src/test/resources/fixtures/step12/fragment-image-35.json
6d396f0f020a8c5feed6b204ea05cd5737463496b83a91d99d963021e077f05d,diaries-web/src/test/resources/fixtures/step12/fragment-image-36.json
bf5a7a91e103de2ad0822a8f1d47db7006fa90fd725c3a9d19e3a7925491f388,diaries-web/src/test/resources/fixtures/step12/image-60.json
20e304dcacdba9419b9e25baa047ab9358dac8145602da25a535ff6194389628,diaries-web/src/test/resources/mosquitto/acl
580bd0f41da69de05786a3d7396944090fef6b3d09a711f1e6b1ae991738fbf1,diaries-web/src/test/resources/mosquitto/mosquitto.conf
98562856fbb91e563561d1d97015c0561119172af8bef0f0373838667dd01544,gradle/libs.versions.toml
b3a875ddc1f044746e1b1a55f645584505f4a10438c1afea9f15e92a7c42ec13,gradle/wrapper/gradle-wrapper.jar
1d126b2f29d1a87825e57ae7a7a1b1cc06f8dcbc89dd614dc6a5b493244ba2cc,gradle/wrapper/gradle-wrapper.properties
fb68debc1b1acf8ec55dc0d5e5495e1dedd0bd6b61f304bee61613eeb2bd9b92,gradlew
fedad02c18e266ec094995a5751b7fe1eb6e74f66bf75db64fae2e50eb22c234,gradlew.bat
b129333da7de0c8b4def04fc692a9de92b9e412e81b0564c2619ef0cda4d2c04,scripts/windows/validation/README.md
a9a311dd41bcc608bc2da1f74069619edeeb2ada98e4069b46c64822b9427c89,scripts/windows/validation/inspect-image-production.py
d3c7ba1703e23f0a33790bfa85a90782e242a4bf962faae4108bf554dbac2dcf,scripts/windows/validation/prepare-image-production-bundle.ps1
497fc9110a96c32aeb02b0919be5876eddc4aaa4a7f83d8b11ad5a1d4a82074e,scripts/windows/validation/smoke-image-catalogue.cjs
cd348d8ffe2b6d2e46183181c6fbbf796eb1649b5e47a3ee84d2677f481bbc93,scripts/windows/validation/smoke-imagefragment-reader.cjs
44b76977789a30d318bef5274df8f246e5d34d242166e827e3e5b1217b94ec45,scripts/windows/validation/step13-image-http.cjs
d038395094c0b44ef127d6439c73959ca7f4328b45f05a6da8aa460dddfe42a5,scripts/windows/validation/step13-image-http.test.cjs
9d06a77e1c2746979be3fd70a1ab969aeba385207597b4f441dbb5f6feb382c1,scripts/windows/validation/step13-proxy-routing.cjs
5eaa55c5f8a8bbaa31101252dda7ac89837cc73170a17cc618020c98c882b1fe,scripts/windows/validation/step13-proxy-routing.test.cjs
164a0781d82e96b6eeb4cc79c9c40fb0d94a3b786f7560fd756412c2c72f8fd8,scripts/windows/validation/step13-retained-snapshot.cjs
a81baea1ab20b7c8d4ca22ea0c6120bbb2d636abdb77e91d302e6a71717d947d,scripts/windows/validation/step13-retained-snapshot.test.cjs
17a49a04d6a6fb0d25f083fbffe87a2f5531a09fc69754954f1b31a88adfdc76,scripts/windows/validation/test-image-catalogue.ps1
eceec74a90a798025f818c00a48ef5c33ec00e7e2d0ee4fb71a860231dd47644,scripts/windows/validation/test-verify-0026-step14.py
8c23f0297dbecbec022d9e90c4646a2706dfda9774ac15c706b6f9636db33db3,scripts/windows/validation/verify-0026-step13.ps1
e7c1720d775a98d250b857f8b751128ce73c73ebbc5175ec3f243e03d71bc4a0,scripts/windows/validation/verify-0026-step14.ps1
fbe7e5c2502b999c9c0a798b542bb5335fb3b6a0a9985a090d4c430d1970336d,scripts/windows/validation/verify-0026-step14.py
7f862175610e3fce1edfb6377cabb86d06905efc85571e16a55c14231af14bb3,settings.gradle
b31c0f6d0fce2091c9a6a540a70696854491b54f57c45818b121f67ce589c926,versions.properties
