"relativePath","entryType","Length","Extension","lastModifiedUtc","LinkType"
,"directory",,"","2026-08-04T14:18:07.5010835Z",
,"directory",,"","2026-08-04T14:19:36.8723552Z",
,"directory",,"","2026-08-04T14:20:01.4147044Z",
,"directory",,"","2026-08-04T14:20:08.5258056Z",
,"directory",,"","2026-08-04T14:20:14.4708901Z",
,"directory",,"","2026-08-04T14:44:55.5099011Z",
,"file","19456",".db","2026-08-04T10:20:12.3630000Z",
,"file","95227",".jpg","2026-04-14T19:57:43.5216427Z",
,"file","97518",".jpg","2026-04-14T19:57:43.5822545Z",
,"file","378089",".jpg","2023-12-31T23:01:06.9469028Z",
,"file","45891",".jpg","2026-04-18T09:46:09.3125674Z",
,"file","64933",".jpg","2026-04-18T09:46:09.3493283Z",
,"file","349100",".jpg","2026-04-18T09:46:09.3932122Z",
,"file","430776",".jpg","2026-04-18T09:46:09.6109880Z",
,"file","283417",".jpg","2026-04-18T09:46:09.6607000Z",
,"file","222697",".jpg","2026-04-18T09:46:09.7057987Z",
,"file","234230",".jpg","2026-04-18T09:46:09.7520826Z",
,"file","610224",".jpg","2026-04-18T09:46:09.8181453Z",
,"file","235096",".jpg","2026-04-18T09:46:09.8644291Z",
,"file","755486",".png","2026-08-04T14:44:02.4750696Z",
,"file","398835",".jpg","2026-04-18T09:46:09.9541174Z",
,"file","166161",".jpg","2026-04-18T09:46:09.9958372Z",
,"file","1423373",".png","2026-04-18T09:46:10.0800686Z",
,"file","839354",".png","2026-04-18T09:46:10.1641465Z",
,"file","1283962",".png","2026-04-18T09:46:10.2429045Z",
,"file","1113615",".png","2026-04-18T09:46:10.3238903Z",
,"file","1129960",".png","2026-04-18T09:46:10.4017051Z",
,"file","18532",".jpg","2026-04-18T09:46:10.4393143Z",
,"file","3840009",".png","2026-04-18T09:46:10.5582292Z",
,"file","155149",".png","2026-04-18T09:46:10.6024112Z",
,"file","196108",".jpg","2026-04-18T09:46:10.6461476Z",
,"file","869810",".png","2026-04-18T09:46:10.7151291Z",
,"file","1266267",".png","2026-04-18T09:46:10.7964942Z",
,"file","243122",".jpg","2026-04-18T09:46:10.8399064Z",
,"file","105667",".jpg","2026-04-18T09:46:10.8795972Z",
,"file","869810",".png","2026-04-18T09:46:10.9476454Z",
,"file","407064",".jpg","2026-04-18T09:46:10.9963838Z",
,"file","212912",".jpg","2026-04-18T09:46:11.0419730Z",
,"file","3840009",".png","2026-04-18T09:46:11.2099771Z",
,"file","1021328",".jpg","2026-04-18T09:46:11.3038621Z",
,"file","21408",".jpg","2026-04-18T09:46:11.3422138Z",
,"file","20197",".png","2026-04-18T09:46:11.3765544Z",
,"file","1318232",".png","2026-04-18T09:46:11.4494916Z",
,"file","3397006",".png","2026-04-18T09:46:11.8392056Z",
,"file","83976",".jpg","2026-04-18T09:46:11.8816603Z",
,"file","136069",".jpg","2026-04-18T09:46:11.9387264Z",
,"file","353613",".jpg","2026-04-18T09:46:11.9911693Z",
,"file","293843",".jpg","2026-04-18T09:46:12.0389273Z",
,"file","66232",".jpg","2026-04-18T09:46:12.0810797Z",
,"file","726197",".png","2026-04-18T09:46:12.3293871Z",
,"file","971278",".png","2026-04-18T09:46:12.3996198Z",
,"file","706924",".jpg","2026-04-18T09:46:12.4993675Z",
,"file","513536",".db","2026-08-04T14:44:15.2210000Z",
,"directory",,"","2026-08-04T14:22:15.2956093Z",
,"file","396786",".jpg","2026-04-18T09:46:15.9507095Z",
,"file","473518",".jpg","2026-04-18T09:46:16.0016968Z",
,"file","204196",".jpg","2026-04-18T09:46:16.0511393Z",
,"file","283246",".jpg","2026-04-18T09:46:16.0994347Z",
,"file","551721",".jpg","2026-04-18T09:46:15.7969784Z",
,"file","73135",".png","2026-04-18T09:46:15.8464975Z",
,"file","225448",".jpg","2026-04-18T09:46:15.8956224Z",
,"file","631877",".png","2026-04-18T09:46:16.1533822Z",
,"file","424178",".jpg","2026-04-18T09:46:16.2519939Z",
,"file","351622",".jpg","2026-04-18T09:46:16.3335477Z",
,"file","136192",".db","2026-08-04T14:22:18.1100000Z",
,"directory",,"","2026-08-04T14:20:04.4277472Z",
,"file","917535",".jpg","2026-04-18T09:46:16.4126512Z",
,"file","4127458",".png","2026-04-18T09:46:16.5612576Z",
,"file","6120624",".png","2026-04-18T09:46:16.8957604Z",
,"file","3797424",".png","2026-04-18T09:46:17.0428989Z",
,"file","1436020",".png","2026-04-18T09:46:17.1300733Z",
,"file","5032873",".png","2026-04-18T09:46:17.4049401Z",
,"file","3779749",".png","2026-04-18T09:46:17.5259307Z",
,"file","752096",".png","2026-04-18T09:46:17.5849615Z",
,"file","2414628",".png","2026-04-18T09:46:17.6921965Z",
,"file","634169",".jpg","2026-04-18T09:46:17.8583788Z",
,"file","44517",".jpg","2026-04-18T09:46:17.9018142Z",
,"file","138217",".jpg","2026-04-18T09:46:17.9440836Z",
,"file","2641002",".png","2026-04-18T09:46:18.0357216Z",
,"file","36884",".jpg","2026-04-18T09:46:18.0796598Z",
,"file","3353345",".png","2026-04-18T09:46:18.4224550Z",
,"file","4588992",".png","2026-04-18T09:46:18.5745414Z",
,"file","23442",".jpg","2026-04-18T09:46:18.6177056Z",
,"file","418261",".jpg","2026-04-18T09:46:18.6706669Z",
,"file","378441",".jpg","2026-04-18T09:46:18.9795419Z",
,"file","4273147",".png","2026-04-18T09:46:19.1343242Z",
,"file","193051",".jpg","2026-04-18T09:46:19.1870607Z",
,"file","4249490",".jpg","2026-04-18T09:46:19.3031992Z",
,"file","27359",".jpg","2026-04-18T09:46:19.3563790Z",
,"directory",,"","2026-09-10T17:15:22.2978598Z",
,"file","3479971",".jpg","2026-04-18T09:46:19.4608292Z",
,"file","559740",".png","2026-04-18T09:46:19.5174321Z",
,"file","19968",".db","2026-09-10T17:14:13.9680000Z",
,"directory",,"","2026-08-04T14:20:17.4739329Z",
,"file","171743",".jpg","2026-04-18T09:46:19.5732708Z",
,"file","3479971",".jpg","2023-12-31T23:20:51.6973694Z",
,"file","385092",".jpg","2026-04-18T09:46:19.6532979Z",
