sha256	bytes	relativePath
e3b0c44298fc1c149afbf4c8996fb92427ae41e4649b934ca495991b7852b855	0	.image-staging/catalogue.lock
64f403ad983210663aaab2d46c4b642a445bca568b9341b33926543e33327ed8	95227	diary-1828-and-1829-and-jan-1830/images/bugsbys_reach.jpg
0ec1199bb262f2c720737a6fcd71549549ea8727784d5b09e3602fcd6d2d69ba	97518	diary-1828-and-1829-and-jan-1830/images/img2840-image-map-whitley-park.jpg
59ae61501c15ff90c7dcdca936f69e21df79b9e10eb69e6cd292b18ab73b45e3	378089	diary-1828-and-1829-and-jan-1830/images/img2841-image-map-commercial-hotel.jpg
f7b2daf4007a56e8aa119b293234c6ee9c0234d2d1c29e5af2119c692e599363	45891	diary-1828-and-1829-and-jan-1830/images/img2842-image-broomville-house.jpg
4acf577d243ce05a2c08d2488259a31c0eeb0acc66aec77617d26f04d202c2ad	64933	diary-1828-and-1829-and-jan-1830/images/img2842-image-clogrennane-house.jpg
36ae5f4a7754a442dd7337ed43b5dfd36840da2f144fb4d468611103f9cc5e3c	349100	diary-1828-and-1829-and-jan-1830/images/img2842-image-map-carlow.jpg
5bf81f82865c6700942dea91c9117865cdf49273ea0d3c30f455709cae2c222c	430776	diary-1828-and-1829-and-jan-1830/images/img2842-image-map-dublin.jpg
ad972fda62fde0f7c29684f1608ad99b538d018101b8bf5efb9ea5d7579a7da4	283417	diary-1828-and-1829-and-jan-1830/images/img2842-image-map-tynemouth-to-carlow.jpg
e2b8a8cf5df7f5681acc55f043713d50a25eb080c0da4c57107603a8109c316a	222697	diary-1828-and-1829-and-jan-1830/images/img2852-image-black-middens.jpg
0ec31e8bfe5f8366f3580a8e08d9eb37bdd09f52d076936b559dd0028f76c56a	234230	diary-1828-and-1829-and-jan-1830/images/img2852-image-hope-voyage.jpg
d9239e70d7f84c9e98caf73660abec0960e47bbd9039e88199955db2fc98346b	610224	diary-1828-and-1829-and-jan-1830/images/img2855-image-appuldurcombe-house.jpg
594de2ed7619fe911e142b0d528269689a279d5dae5413ff2f9487ac1bb5ddc9	235096	diary-1828-and-1829-and-jan-1830/images/img2855-image-isle-of-wight.jpg
c678e0bd6c488e3eec86d669f5066bedfc2e1671b3a172931f14568e852c00d1	398835	diary-1828-and-1829-and-jan-1830/images/img2855-image-navarino-house.jpg
3d3b0c79daa11713ad6b6003c56f18672e9d29cf1ce75fafe2ca7a59ead9564e	755486	diary-1828-and-1829-and-jan-1830/images/img2855-image-navarino-house-map.png
ba21a37708dcaeddad11e2d8f5b555da92681afaecce1d08a9dcd90c8df12000	166161	diary-1828-and-1829-and-jan-1830/images/img2860-image-map-alnwick-tyneside.jpg
20aa37569ac2b4f962ed3e74b3e51b17f01b931ae516bcb7f10816f7e56b4d01	1423373	diary-1828-and-1829-and-jan-1830/images/img2885-image-baltic-map.png
b729a3bab407829192cada11efaa037014fa93825689717a254e625efd01581b	839354	diary-1828-and-1829-and-jan-1830/images/img2885-image-copenhagen-large-map.png
42ef8db9a0e6a84fbb727805aa7e179c5e7a8aa89228c23d4e9358ff9d237249	1283962	diary-1828-and-1829-and-jan-1830/images/img2885-image-copenhagen-map.png
a75e829a447b054b108bc47dd46fcd380f8aa4ab07e6342e8de15df1dacfe075	1113615	diary-1828-and-1829-and-jan-1830/images/img2891-image-copenhagen-east.png
cd0a4a5b1d066ff8ea0fdaa959cde758f8476c037844982a61c246b6d0fdb0d3	1129960	diary-1828-and-1829-and-jan-1830/images/img2892-image-baltic.png
13b3ced34b2c6d80e84cffb07b0f2c8bc53977852163aa01220c004df7192051	18532	diary-1828-and-1829-and-jan-1830/images/img2893-image-kopu-lighthouse.jpg
2097979bd1ca47370a55c0f6053167a96f541a5c04adfe4ff52dc564ccc97d5a	3840009	diary-1828-and-1829-and-jan-1830/images/img2900-image-hermitage.png
c3abd851e52f272f7981a94f7a6256c352cf4aa7530676e1d811e1782d5b19c2	155149	diary-1828-and-1829-and-jan-1830/images/img2900-image-room-plan.png
ed3d8e5b54a5db4fc7ac5ed35e6d0371ca878842d495e6aa6793ac9985f9969a	196108	diary-1828-and-1829-and-jan-1830/images/img2900-image-san_pietroburgo_ermitage_02_palazzo_inverno_jpg_1200_630_cover_85.jpg
ddabf0f09024690f6b0a434e2bdf7437ca055ace8928e199ac7ce6c0ca3d7945	1266267	diary-1828-and-1829-and-jan-1830/images/img2900-image-st-petersburg-map.png
25a4eaed075620efed1f33d7c7fffbccbce92a06c17def03f0ebd8df33c13e45	869810	diary-1828-and-1829-and-jan-1830/images/img2900-image-st-petersburg-map-large.png
3f5d54daa8129b47f6f9e1c99ec74cc3997bdb439f30cae80e5e50fccec0cc08	243122	diary-1828-and-1829-and-jan-1830/images/img2900-image-the-jordan-staircase-state-hermitage-museum-st-petersburg-russia-B2KPFE.jpg
3ef33432b43bd47c882c838a71409d4ae82d275c0ae2f06177a594b4a6957c4e	105667	diary-1828-and-1829-and-jan-1830/images/img2900-peter-and-paul-cathedral-st-petersburg.jpg
4c554791a010b80370e0f5b0dbbf33607c4680ed445a606a73db1e7862b48bd5	869810	diary-1828-and-1829-and-jan-1830/images/img2900-st-petersburg-map-large.png
d8113b8c819fabfcc9bd6cf1bfceafff41df606ef8425032ef4fe6b6e359bd7e	407064	diary-1828-and-1829-and-jan-1830/images/img2903-image-alexander-nevsky-monastery-st-petersburg-5.jpg
ced43ee148a94330eab04fdfda53bffc434d034416eb9250acfc659b47049294	212912	diary-1828-and-1829-and-jan-1830/images/img2903-image-main-entrance-to-alexander-nevsky-monastery-in-st-petersburg.jpg
2097979bd1ca47370a55c0f6053167a96f541a5c04adfe4ff52dc564ccc97d5a	3840009	diary-1828-and-1829-and-jan-1830/images/img2903-image-st-isaac-church.png
31de4c6b22cf16b5f59cbeb61ae1ba1c7d37794c65e2e171ea27fce88f6504b7	1021328	diary-1828-and-1829-and-jan-1830/images/img2903-image-st-petersberg-alexander-nevsky-lavra-private-tour-528435.jpg
05983c068288df798767a4d2e9e6382c050a9e82fddcd638d93aaafb8c729661	21408	diary-1828-and-1829-and-jan-1830/images/img2910-commodore-trunnion-and-jack-hatchway.jpg
7cdc755fcfcdcacbe2d4bbe143bdaa5bf9cb7c0cc000a9473ec13f06849c96eb	20197	diary-1828-and-1829-and-jan-1830/images/img2910-peregrine-pickle-1st-edition.png
7f9c48beec78daa43c189ccc4b91c18568521ef77c87acde12086dc547951354	1318232	diary-1828-and-1829-and-jan-1830/images/img2920-image-map-london.png
a715322c3905830da061b3d3ed1ad2c77957c695914991b9fc6818da01562c0d	3397006	diary-1828-and-1829-and-jan-1830/images/img2920-the-cock-fleet-street-london.png
5601e921f5dc947b6777a57229362409711683995bf15105aa7e7e79bf7ffaf7	83976	diary-1828-and-1829-and-jan-1830/images/img2920-WhiteHorse1896.jpg
176b69a1e56dd694db6bc94bc499cf541dc22500084566834a175ea2c21fbd1b	134496	diary-1828-and-1829-and-jan-1830/images/img2926-burnhopeside-hall.jpg
a35cc6244aa64a5a0635b8168e92a952a57d4ccb9d017272c28281e3fabe4217	353613	diary-1828-and-1829-and-jan-1830/images/img2926-lanchester-church.jpg
317fee10813e9d10f4f9c25ad3a3fa0b10c82fc84707d5895425140874da5218	293843	diary-1828-and-1829-and-jan-1830/images/img2927-the-kings-head-lanchester.jpg
7306fd420df902de56be5b61ff448219d2b286ac1ef3abb4cabdbf74aa82d9bb	66232	diary-1828-and-1829-and-jan-1830/images/Lucia_Elizabeth_Vestris_by_Robert_William_Buss.jpg
ca0cd1f00890737f62e1bf489c3c6df0892848841a0b9d07eba33182743e5d52	971278	diary-1828-and-1829-and-jan-1830/images/original-st-petersburg-map.png
da6e475fcf3f75e8c466fdf57d2929fed85d30bb3847b80c6fc18f0118987f7d	726197	diary-1828-and-1829-and-jan-1830/images/original-st-petersburg-map-large.png
095e7d4f6c19a7ccdcbc7cc5daae84a14964d245ae2d759598a19cd2722bb73e	706924	diary-1828-and-1829-and-jan-1830/images/the-tynemouth-lodge-hotel.jpg
b7ecff9fceec44e83568afd83abd31d0fd5ec928f9faee95caecd1d548ef11da	522752	diary-1828-and-1829-and-jan-1830/images/Thumbs.db
271a4e6b72a249d2ebcca50b03fac1e1c0fdac6bc44191d47cfe018e829e1259	19456	diary-1828-and-1829-and-jan-1830/Thumbs.db
8db9b0d588959e342e6408f28bf080f7b08664b97c9276e731d819b3693907d6	396786	diary-1830/images/dockwray square view.jpg
bd92818f5e0cff3cc04fdea64ab0e47e4ed8126e78eb917c5d41eab0bb21920c	473518	diary-1830/images/eldon-square.jpg
2fc4cc11da744ca74d4db14c4b9ad32edc8ca2f1b268e723e4b19eed910fe8b7	204196	diary-1830/images/herd-groyn.jpg
1ec8a1b20d7988dd848a70fb9b8e3b6de60537b8e1b3931f44fe291ead2095c7	6964478	diary-1830/images/img2221.jpg
b1c14a8f2a430a1a2793b1a18e56eb6597b8d63e7d2e38a0ddf995d2ae47d88d	283246	diary-1830/images/img2373-map.jpg
2b78908744912b54b3798456f186b1645d4b7b2e3c07d022986f590675540249	551721	diary-1830/images/img2381-image-map.jpg
7a59e2e49e5b14fae0e31064e79653222a5a602b8191949232a9fd3d939c9f4d	73135	diary-1830/images/img2390-image-bullring.png
025b0a15b81b5ce5199a5f8a520cab7a1a16fd50fa7f7f559f2581e89eb8301e	225448	diary-1830/images/img2394-image-eldon-square-2.jpg
99d82348670d4ced7d21c53a15df2b467566c5a44e52ba87b49318c31ee377e1	631877	diary-1830/images/img2398-image-archangel-map.png
43dc1f3646cbf8341e8cbc1c02f4877825e92bc1743e1455b3616c835279a406	424178	diary-1830/images/map3.jpg
2a502087f78a686de7c6861e35ebfbaa0223c2c93025f72d990eb6af7fda791d	351622	diary-1830/images/map4.jpg
e3275d2227c951c787b79910e0b26b9c886898e4321728f9a527cdefe9cd7df6	1829	diary-1830/images/Screenshot 2026-09-25 121352.png
d5bbb36ec4f96a64ce147f7dd526cd793f2266f8d147c8c03aa38c8ab19c85e8	136192	diary-1830/images/Thumbs.db
4a0ebe6350670d3af3dc2eead956ce9f4e3a04f45b7da1b29ebf492fb2292637	917535	diary-1831/images/img2734-doodle-on-blotting-paper.jpg
e76eb9b43454cb04d5bf1d353ea6bc05643d9cb581978302901335f8fea2c76d	4127458	diary-1831/images/img2753-white-swan-alnwick.png
f6286336210858d93467ff41b211c40cdd4a5b30ca4abfaeef2fa7d279aaf6c3	6120624	diary-1831/images/img2754-castle-alnwick.png
1463ed4a279a60557c02d17f9c3abfc24f475c94696abe84a43d10b655eea277	3797424	diary-1831/images/img2754-the-bull-alnwick.png
8178fcc7bf8ab28a0fca9367eb76eed8a2aea8b4b78763d4804c0d788fccb022	1436020	diary-1831/images/img2755-bondgate-hall.png
535555c3927225ba003e8ca80ac21657a0834fa65ccc91874529c34eee798459	5032873	diary-1831/images/img2758-charlotte-square-newcastle.png
40f311a968782ca72098f53f70027f12ce029e8a596c016d802456fae086954b	3779749	diary-1831/images/img2758-northumberland-alms-tynemouth.png
6eab0c712d2c38ed9fd6ed3d9a2f4f9cc841d1b533370edb2f2fcc2a9c2be29a	752096	diary-1831/images/img2761-brandon-white-house.png
b5d68a29c08d96d35a344c5ea4c420426a8f9d7ff6646119a9b9e49cc3d1d971	2414628	diary-1831/images/img2762-north-shields-walk.png
cb5f71a5ffb7d73e223cb8d1bd7705db24dfd08bffc7657f0613f93d7ff05d06	634169	diary-1831/images/img2767-hms-samarang.jpg
e72e3b1d9434bfab2b4a563f3b1cf591cd5bb4de7d0b9767c56b60205df6b61d	44517	diary-1831/images/img2769-archibald-reed.jpg
5756eaf330fe893e0ff457d6bb11623d1d71f2b7f65ef1898291a10e1fb8b460	138217	diary-1831/images/img2780-cross-keys-hull.jpg
2fd380b188fbf11b408f4036702a3786f6e5c3d4729f26b8717dc7d91be3d489	2641002	diary-1831/images/img2783-black-swan-york.png
243ac3808c83aa00b533a6a3eecfa59e84f12f27a58d360fc8adf9ffba38a26b	36884	diary-1831/images/img2787-croquet-island.jpg
31d18f591ae608e6638d05c226f8a080387e2d979594624651f04ba1390198f0	3353345	diary-1831/images/img2788-hermitage-inn-warkworth.png
105528afac270e691e90a83f806d47c626fa8ab86317504f0b9fc56a01d29ab8	4588992	diary-1831/images/img2788-hermitage-warkworth.png
517327ff4038a3642dd56d19a80e39aea8960b6292d885a2764bcf700af10ca8	23442	diary-1831/images/img2791-northumberland-house-london.jpg
0d37089c55fb33499cf928f266287d4cba3a2eaf2c88a1e56f969a70cf7181c2	418261	diary-1831/images/img2792-baths-southampton.jpg
d31fcbb70fe0eded8ed36a4110b13cee1aa2c7107bacca4600bddc1026047000	378441	diary-1831/images/img2792-pier-southampton.jpg
f7583abfb92d20049cb2869baa06e1233c7b5b9c18f6a3570f6ce9c6379a6567	4273147	diary-1831/images/img2798-crown-and-septre-london.png
ed12a05d20363fa65b42dd40c4d4dc7b2ab9dde35499efa8df1a1adcd0cb1f67	193051	diary-1831/images/img2799-coronation-william-4th.jpg
96280fb86ae716f9e58a807a785cafe1f98335cef3c8fe5c7a342ca37f965fa1	4249490	diary-1831/images/img2805-blue-posts-pub.png
47875012d008971605bcc8a26aee9ccaa88d8dc8480cd1f279f397b2099c8c70	27359	diary-1831/images/img2805-launch-of-hms-thunderer.jpg
0fae2a948de4595c8575e9979d03868a7d9e3d89dd8e2dcafde1f22c2c650055	3479971	diary-1832/images/img2982-note-at-front-of-diary.jpg
f25f78831f9630705e8d32a1a12550473ff759ced2e0c650e3172f70ab508a6d	559740	diary-1832/images/img3018-murder-of-nicholas-fairles.jpg
5780ef5250cd8277c3acd10263ded1e89aaa1dab9dbb70e9f8158cd8bc4de4e5	19968	diary-1832/images/Thumbs.db
a62d54efef3c97f1e50d72cc59303cd9adf326983aab05ab8568dbcb9ac7d078	171743	diary-1834/images/Benton-Park-House.jpg
0fae2a948de4595c8575e9979d03868a7d9e3d89dd8e2dcafde1f22c2c650055	3479971	diary-1834/images/img2982-note-at-front-of-diary.jpg
a16d0efc9d4ca32b5abbe141a3db0ff772e67477327a13ea0ea670e326f445c5	385092	diary-1834/images/img2994-burnhopeside-hall.jpg
