"path","bytes","sha256"
"build.gradle","671","c4bec7223c87bfdd54eb8f341aff474dcb788fe3d5b4dd999ebfa4de06b719ee"
"config/mosquitto/aclfile.txt","877","691d824780261b4b10ea17ed77ed18312f5693e4d0d82487283844aa49c84ba3"
"config/mosquitto/clear-retained-messages.bat","155","a29cd3e2098dfc54fa72934cb483501170f1da2b3836f0f748ed4918388f052e"
"config/mosquitto/generate-pwfile.sh","273","0186f9af1753b9d2f227cb3535220165b382a8d734ce69681f16ca617c99bc9f"
"config/mosquitto/mosquitto_pub.bat","166","3c764ea42f2231870fb6fe24fe2666a0027fb5b615035b48c06401122cbb5975"
"config/mosquitto/mosquitto_sub.bat","143","61c22054b8b675803ca1d0f7ed85656808bf4e0111ab3425a2af52eea8f4c053"
"config/mosquitto/mosquitto-large-tree-test.conf","175","d35d7345bd199083e0bb9f3e4b325106c520e5aa54a5ec7b3f547239ad8685e8"
"config/mosquitto/mosquitto-passwd.bat","844","433e7f9779ab83459dd66d43928bbc3452aba2eab829f49f1a2d7f1494a69aa8"
"config/mosquitto/mosquitto.bat","107","adf9a3723ed9270b5cc766c1f9aec615d3c7a915c71b98602cbfc8a5a051b7f9"
"config/mosquitto/mosquitto.conf","384","1bb8f1b82f2ca04dce15c56692e68f40714a8204b16b220bbcce4e346743d10c"
"config/mosquitto/README.md","3841","a948894fe7f250ec079c29340ad4e5f21e36f21c52ae8ccee789565909277f70"
"config/mosquitto/test_pub.bat","172","5581dc532a69d8d2512b4716409b7db1937794092328482be9a67011e783b013"
"config/mosquitto/test_sub.bat","152","35702f8a0aa6d72c33b612f0edb1dfab816c8d551ed600dbb7180051adbf9edf"
"diaries-responder/build.gradle","15075","a30cc7d67e577e96bce767aacd4ad4eda7cddd1c5c95b0003154e113cedd1abe"
"diaries-responder/src/main/java/com/rsmaxwell/diaries/responder/buildinfo/BuildInfo.java","1938","2bf2ef6c2c992a866a127dbf621dedbdf082863194df371bc4cccfc01400b1d6"
"diaries-responder/src/main/java/com/rsmaxwell/diaries/responder/buildinfo/BuildInfos.java","567","40d1db8e352a191081dba27bec75a664f19b6589d6a3f63cbc6093a39deb70ee"
"diaries-responder/src/main/java/com/rsmaxwell/diaries/responder/config/Config.java","1647","ffabafdf052ed8fdfd989b2a638a90c04c6fe8c31bc2ee36d0175ceb25e0124b"
"diaries-responder/src/main/java/com/rsmaxwell/diaries/responder/config/DbConfig.java","629","4501ad7710b641585d72ec5675ed8082eb53722f74416e9a5c60ea0a7e3d0a52"
"diaries-responder/src/main/java/com/rsmaxwell/diaries/responder/config/DiariesConfig.java","217","7a65027d971f2d3263745b3db6ec39290b6380e330f59ac0794138a6e4c28b84"
"diaries-responder/src/main/java/com/rsmaxwell/diaries/responder/config/FragmentLockPolicy.java","235","1c3592153686682c93006b04261175a9e42c06c2e46b16d905ac0698a1606f15"
"diaries-responder/src/main/java/com/rsmaxwell/diaries/responder/config/Go.java","130","90a787a104878bd898f02dfe80c2a789bdaa7e8e8a4871ed15f3d1ec40791f05"
"diaries-responder/src/main/java/com/rsmaxwell/diaries/responder/config/Jdbc.java","155","4ed4fc1761b7dcb415cf6e015f7917ff2f5e081b7108c3c38a6841ec9c649a30"
"diaries-responder/src/main/java/com/rsmaxwell/diaries/responder/config/MqttConfig.java","267","08d483b161c339c8ca87bb31b1b9ca238ad294e74c01b9c84682f5e5f639cea1"
"diaries-responder/src/main/java/com/rsmaxwell/diaries/responder/config/TimeParser.java","1561","86c819c27f4c5b54262122820f34feddd4f590a7bee02cd32c0b77c0a438639b"
"diaries-responder/src/main/java/com/rsmaxwell/diaries/responder/config/User.java","161","09e7174d7bb7844330896935b636a7373680f1ad5acdea712a8d7017d2939ee5"
"diaries-responder/src/main/java/com/rsmaxwell/diaries/responder/CreateDatabase.java","2671","1391dc15571d0dd87c15449fed295c26667da584f63bd1edc21a4dbce6fcd68b"
"diaries-responder/src/main/java/com/rsmaxwell/diaries/responder/CreateTables.java","1847","5030e2b4ba312c9d67a11462557f9c738c61a7e2c76437d81d4c0c59488b5921"
"diaries-responder/src/main/java/com/rsmaxwell/diaries/responder/Database.java","6030","5aa01d048b22903f4d0fee063cadfd99a1ee12ac5c3e0d8d42bb4ced91292c04"
"diaries-responder/src/main/java/com/rsmaxwell/diaries/responder/DeleteDatabase.java","2795","9a2b74a1ee8d2b909f4c8466d2fc695fbfee5e6e9c0518305be8bcb5e3755f92"
"diaries-responder/src/main/java/com/rsmaxwell/diaries/responder/dto/DiaryDTO.java","2437","dc6b2c077e62536923b91f81063a86e9e2abad95a0eb7436fca5890623342142"
"diaries-responder/src/main/java/com/rsmaxwell/diaries/responder/dto/FragmentDBDTO.java","1648","8bfb4ac71fbba2508e3753ad18633a956e6970fbc2eef78092bfe21a011e6a14"
"diaries-responder/src/main/java/com/rsmaxwell/diaries/responder/dto/FragmentPublishDTO.java","4125","910a3f40623110542a0c7a9a191a78315d1c0f2415284078311df6c097ec20a7"
"diaries-responder/src/main/java/com/rsmaxwell/diaries/responder/dto/ImageDBDTO.java","2028","84c0809f3b93dd1604efabd12818550a65843e26edef7bf1f65c7e86ceed31d3"
"diaries-responder/src/main/java/com/rsmaxwell/diaries/responder/dto/ImagePublishDTO.java","3759","408d4dc8e8bfc21d1f9936b570f80a7b2343ce511cc347b1b221f825a62b49f6"
"diaries-responder/src/main/java/com/rsmaxwell/diaries/responder/dto/Jsonable.java","258","32ba04fd1717bb9f89fd5a1382b4c56520ae1a3a1144c6a29e93270275abaa96"
"diaries-responder/src/main/java/com/rsmaxwell/diaries/responder/dto/ListFilesResponse.java","609","39e4210cc49d17571948039e15d522768a99e93ecce91f27658b55d35aea0cfc"
"diaries-responder/src/main/java/com/rsmaxwell/diaries/responder/dto/MarqueeDBDTO.java","1073","2aa56351e4e0f162504663df95057a8fe8ea5f557bb18f497d079ba6577c3eed"
"diaries-responder/src/main/java/com/rsmaxwell/diaries/responder/dto/MarqueePublishDTO.java","3281","60c9bf98917c6e398368ac4df1737ee6935025ab983d1dacec0e4312a306ba0a"
"diaries-responder/src/main/java/com/rsmaxwell/diaries/responder/dto/PageDTO.java","3831","dc952bcc20ff3c11002ca95c0d3f57110beb28cd4c2f5f2bcf2887a1c3fc49dd"
"diaries-responder/src/main/java/com/rsmaxwell/diaries/responder/dto/PersonDTO.java","2508","e9ab84d2a4299a61e73742c5a6b7b951c6ea1f70bf5ef4fc07daf59e3470ce02"
"diaries-responder/src/main/java/com/rsmaxwell/diaries/responder/dto/Publishable.java","396","9e6e0c4ac0a732a9016c189a18a339b1403313a247c6d16d52c939ba21c0f4a3"
"diaries-responder/src/main/java/com/rsmaxwell/diaries/responder/dto/Publisher.java","971","5568b439a13f583e3a85e469e1be7c36c44ab9a7ee9886ffb0c427e281acdf09"
"diaries-responder/src/main/java/com/rsmaxwell/diaries/responder/dto/UploadFileResponse.java","382","51f8aed3d059426b7037d4f27f3b17500e14605fcab3c107f4aee36967b100bc"
"diaries-responder/src/main/java/com/rsmaxwell/diaries/responder/handlers/AddFragment.java","4664","1a377fe39193c4c77bd4649095865ec04cc80c6d775ab750ab2a50fccb6381e2"
"diaries-responder/src/main/java/com/rsmaxwell/diaries/responder/handlers/AddImageFragment.java","4566","923cde9d4080d94f5e36f617cd20d589c4c42e0b9ab6787202c5b7a94d5f50d0"
"diaries-responder/src/main/java/com/rsmaxwell/diaries/responder/handlers/AddMarquee.java","4963","fe84779139a1e52db48218c394869bd3c47ae3ee0122c571533f960b6a09aac7"
"diaries-responder/src/main/java/com/rsmaxwell/diaries/responder/handlers/DeleteFile.java","3291","e717857f44a23f64988c39af2dd3f6aaf44e376fd3bc6898e28688fed7a530a8"
"diaries-responder/src/main/java/com/rsmaxwell/diaries/responder/handlers/DeleteFragment.java","4070","c6539159b918ce5a3c46db628716828209bafc9e1128415d8b761366e7af89a0"
"diaries-responder/src/main/java/com/rsmaxwell/diaries/responder/handlers/DeleteImage.java","4950","3471ea148e1a25d4e5cd8f016f2da59bcba828a06d3b8cee2569d99bad502dd4"
"diaries-responder/src/main/java/com/rsmaxwell/diaries/responder/handlers/DeleteMarquee.java","4100","22bbf276c0e5e7755bf3076dfeeff805c3823fa5ab310379d8c1c3006c4827f6"
"diaries-responder/src/main/java/com/rsmaxwell/diaries/responder/handlers/GetVersion.java","946","a556adaacbf18e70388696ec68d16ed806a6f600af98d52860dd95f0d29850be"
"diaries-responder/src/main/java/com/rsmaxwell/diaries/responder/handlers/Health.java","1602","a37855cd652b716fd5bb94cebe6b301dd5ddb9c68225daac0d7dcb85cc132714"
"diaries-responder/src/main/java/com/rsmaxwell/diaries/responder/handlers/ListFiles.java","7869","58c3502ff8a32021134c4d263587df5b0465928d9446f085274670569a3b0391"
"diaries-responder/src/main/java/com/rsmaxwell/diaries/responder/handlers/LockFragment.java","4969","e0cfca74eb45f35f5e8914aa81c0512987d5e9b7bdcfa552b0827aa9e9a4f5a5"
"diaries-responder/src/main/java/com/rsmaxwell/diaries/responder/handlers/NormaliseDiaries.java","3244","ca4725e6f7af5d3fcb91631fbba0fd2d37ece42ae5dc48ae231135b50f011b0f"
"diaries-responder/src/main/java/com/rsmaxwell/diaries/responder/handlers/NormaliseFragments.java","2752","7ea1ceaf3272c55da78b1d336af0563ef2beae62da15eb68c3e35ce8ec44f68f"
"diaries-responder/src/main/java/com/rsmaxwell/diaries/responder/handlers/NormalisePages.java","3328","db09115030a794fe14fab7706d660ee501a36859dc599b64dcce76f7ddd9501c"
"diaries-responder/src/main/java/com/rsmaxwell/diaries/responder/handlers/Quit.java","1224","4ffd5f4915330f14c723e81faa3c342cc8dded0bf5a91aeed0de79cb1a4fcc78"
"diaries-responder/src/main/java/com/rsmaxwell/diaries/responder/handlers/RefreshToken.java","3431","fe5dc2b3eee2e6334d1d5bafc8cd80b1b68b39f346200750fb1a26266bc19850"
"diaries-responder/src/main/java/com/rsmaxwell/diaries/responder/handlers/Register.java","3601","38d9d5b10751a5897fb83a17b1fb8a2c64b9133843d59bd017e0cf17eb3f5703"
"diaries-responder/src/main/java/com/rsmaxwell/diaries/responder/handlers/Signin.java","3864","4cb6ac0e62a050d423b41b0188021fb77bfa12748771faf4c32de271d5c77e0e"
"diaries-responder/src/main/java/com/rsmaxwell/diaries/responder/handlers/UnlockFragment.java","3924","c0729d534c8c30dc750bb03c39e8dea889a04e98dd61b8521e6e9a3fa4f8eb76"
"diaries-responder/src/main/java/com/rsmaxwell/diaries/responder/handlers/UpdateDiary.java","3961","80f1a819a3b3d4fdd07f9b848dd01f6ae2aa0b4f5bf4a6852c6cc0bab093edd2"
"diaries-responder/src/main/java/com/rsmaxwell/diaries/responder/handlers/UpdateFragment.java","9698","f77d106e3debbc2ed44727110246fc4d71b28a2c9675acb4644b9d5fb3349f58"
"diaries-responder/src/main/java/com/rsmaxwell/diaries/responder/handlers/UpdateMarquee.java","6538","b579933a25a08733a54adaab066bf4cc2fe3b66e387847eb2c54eed53f32b4c6"
"diaries-responder/src/main/java/com/rsmaxwell/diaries/responder/handlers/UpdatePage.java","4279","f568ac8a5e58d218279ea643c49c62fbb4da5602759e9c41498d789922c293b1"
"diaries-responder/src/main/java/com/rsmaxwell/diaries/responder/handlers/UploadFile.java","7738","9394d59f5d180ce949e5c20a9fa878d42fba31cf40db821f664115c118feba8e"
"diaries-responder/src/main/java/com/rsmaxwell/diaries/responder/health/DatabaseHealthProbe.java","144","16937e74525a0479d6cfeb8acb9e692ecc735d453a626fd5a5a9f13bb128ae6b"
"diaries-responder/src/main/java/com/rsmaxwell/diaries/responder/health/JpaDatabaseHealthProbe.java","1147","b04f461a4218ed9d933c14d3b93f3c783bf2b27ab0184893a90624b4cb0e37eb"
"diaries-responder/src/main/java/com/rsmaxwell/diaries/responder/health/MqttRpcHealthCheckClient.java","4380","a247f20855b4dd868af0b1293c9042e12a1d69e8969dc49a9aa3c4125caeb2f7"
"diaries-responder/src/main/java/com/rsmaxwell/diaries/responder/health/ResponderHealthCheck.java","6114","8a874ebf0e834ebc158e9684f109700311e76db588c1d36b2290b706b6c75b03"
"diaries-responder/src/main/java/com/rsmaxwell/diaries/responder/migration/migration0022/LegacyImageDetector.java","1406","43621f3d85eba85e3aeaf14b9ce3461a44034e526d33421dee0854c3b5a03f6b"
"diaries-responder/src/main/java/com/rsmaxwell/diaries/responder/migration/migration0022/Migration0022Inventory.java","11666","58d3826ebcfea18844658f14aa7ada5ee51d2b719422dc73998eb60dcd2bcac3"
"diaries-responder/src/main/java/com/rsmaxwell/diaries/responder/migration/migration0024/CandidateCrossReference.java","5236","74ee5710192eda3d930ce1b60f26ba919e0f150e2ed864bffbd67007ee375bd7"
"diaries-responder/src/main/java/com/rsmaxwell/diaries/responder/migration/migration0024/CatalogueStore.java","2085","82fbc898b38d432a0a50fd687e1594f38f0a381db81a9682cfa72cc9391ae23a"
"diaries-responder/src/main/java/com/rsmaxwell/diaries/responder/migration/migration0024/EvidenceCsv.java","2618","12ea778d748f922219399bf3cce6b823db783308737f187120357b4093c38022"
"diaries-responder/src/main/java/com/rsmaxwell/diaries/responder/migration/migration0024/ImageReconciler.java","21041","0e54ec502963e0e004eb3e5f18d64071e3e3061e7bbff753a0b36eff9ba8a97a"
"diaries-responder/src/main/java/com/rsmaxwell/diaries/responder/migration/migration0024/Migration0024ImageCatalogue.java","2928","deeb106f9aae93ae8111d49b4c865e80037b34de58de5bcce820dadad4089b01"
"diaries-responder/src/main/java/com/rsmaxwell/diaries/responder/model/Base.java","1242","5320b15c6c13cec0446f59282f14ac2ba7779eb751a32bf10fd81b0eea2d1372"
"diaries-responder/src/main/java/com/rsmaxwell/diaries/responder/model/Diary.java","1256","01fd31874fb3e8b17631d6ddd87aa86f0562cad395b3ab30552fa84ee9457076"
"diaries-responder/src/main/java/com/rsmaxwell/diaries/responder/model/Fragment.java","4473","603d0b3875abf476a89ee88c25a84922114e1dd537c79305358c9313039d8b08"
"diaries-responder/src/main/java/com/rsmaxwell/diaries/responder/model/FragmentType.java","261","c6b5bfef8b1d054a52cd353648911471489f05e201cf3a0f9d410e7fcffe0a45"
"diaries-responder/src/main/java/com/rsmaxwell/diaries/responder/model/Image.java","5108","3600ec7be8812f80283b80faf205c87fae9d606066442814f9195d2cac2bb963"
"diaries-responder/src/main/java/com/rsmaxwell/diaries/responder/model/LockInfo.java","2343","4d3d343beffe9a36a64b675cb759151723a1b4f7b91a9baa265fbbff841d4f04"
"diaries-responder/src/main/java/com/rsmaxwell/diaries/responder/model/Marquee.java","1521","54bdb44413ea1488f1c0c04e9cea066944ae9cd519b2d215fad20e963a8be866"
"diaries-responder/src/main/java/com/rsmaxwell/diaries/responder/model/Page.java","1905","464be4002572246438626d87cd11182f76b9879882db838d716ef986e6277bc8"
"diaries-responder/src/main/java/com/rsmaxwell/diaries/responder/model/Person.java","1966","fb4f258c0339c835c826cc299a408bf735235716a7c36397b4b222aa44208626"
"diaries-responder/src/main/java/com/rsmaxwell/diaries/responder/model/Role.java","276","d551d0e9d0e50c1f4ae1564cfb11123d18b6bbb3f0dc3cbf0711976bc0f2a16e"
"diaries-responder/src/main/java/com/rsmaxwell/diaries/responder/model/UserStatus.java","107","7e2c5903ba6862d36c17b7e38498b36b7c3e9e52a44c517977b6786a2abac566"
"diaries-responder/src/main/java/com/rsmaxwell/diaries/responder/repository/CrudRepository.java","517","c97813fac4b12df8a5ff3b45caac4df0d8b61c9c392b343a5ef322c3faf0a5f2"
"diaries-responder/src/main/java/com/rsmaxwell/diaries/responder/repository/DiaryRepository.java","325","5028032d344561fa57ee9b62330f8ee98c52ebf572d497c3647bc94189285288"
"diaries-responder/src/main/java/com/rsmaxwell/diaries/responder/repository/FragmentRepository.java","994","d54571ce132a6eadeab4869e14ebc377507f50f80484ca8f9de317404a90751b"
"diaries-responder/src/main/java/com/rsmaxwell/diaries/responder/repository/ImageRepository.java","660","86e71397c723481e59b28d3ed5aabe91df57a551f93ba661b172c23c8614531d"
"diaries-responder/src/main/java/com/rsmaxwell/diaries/responder/repository/MarqueeRepository.java","583","4dd1a340f17545efb7e53b2bdaa51d4d8314adcce45ea04b2993116401c7ce83"
"diaries-responder/src/main/java/com/rsmaxwell/diaries/responder/repository/PageRepository.java","393","54e83e5620ad6199fb1786d90642555aeeab717898b1a0a77c1f7c3d729add82"
"diaries-responder/src/main/java/com/rsmaxwell/diaries/responder/repository/PersonRepository.java","339","805c800ce49a377f1a7a1c438e6fd7634cec1c21e45c549bbe7a74607eddb9a2"
"diaries-responder/src/main/java/com/rsmaxwell/diaries/responder/repositoryImpl/AbstractCrudRepository.java","10716","58cf857c193f8b3ebf0f8b4337451455e4c26bfa7c7a0641a85cc0be78de335e"
"diaries-responder/src/main/java/com/rsmaxwell/diaries/responder/repositoryImpl/DiaryRepositoryImpl.java","2686","382ccc9ccc7eefb9a219b174262154e6fa5d13464d3bb8daed10fdeb5d4a322b"
"diaries-responder/src/main/java/com/rsmaxwell/diaries/responder/repositoryImpl/FragmentRepositoryImpl.java","9055","9ce0cc878e0bbe8f36af00884f33cd8943169c0868f03106b558b3a6ca4098f0"
"diaries-responder/src/main/java/com/rsmaxwell/diaries/responder/repositoryImpl/ImageRepositoryImpl.java","7258","1e2b57391ae011881b7650c06038793a4763058f5268831912a18945bc1ac455"
"diaries-responder/src/main/java/com/rsmaxwell/diaries/responder/repositoryImpl/MarqueeRepositoryImpl.java","4005","fb21a06b2ae69febc5af92e6579fac2d64efd814f0cf1b3ba25ba076176cfe1c"
"diaries-responder/src/main/java/com/rsmaxwell/diaries/responder/repositoryImpl/PageRepositoryImpl.java","3185","0a39949ff474ad24aab416eb492e40537a82d7984ed46501e875b4eee6fb42da"
"diaries-responder/src/main/java/com/rsmaxwell/diaries/responder/repositoryImpl/PersonRepositoryImpl.java","4810","b6b28e5cc0ac142028a0f52cd13d05c921078444f6fad5e6afd7ab3049fecdf0"
"diaries-responder/src/main/java/com/rsmaxwell/diaries/responder/Responder.java","17880","d647a01b5fe24409a993b2dbbe18d4da287559f9bef704fda16d0d20b1b48aa1"
"diaries-responder/src/main/java/com/rsmaxwell/diaries/responder/response/RefreshTokenReply.java","134","e6960d76ae50c4d81f192cb7f44fac6255169b88cc709d3c003e619d450e5ce6"
"diaries-responder/src/main/java/com/rsmaxwell/diaries/responder/response/SigninReply.java","323","07b097538ff58e2c0eecfd251cd982e2035768c07ea7e6e0030eaeacd0129adb"
"diaries-responder/src/main/java/com/rsmaxwell/diaries/responder/sync/Synchronise.java","18407","e6709af356ea55990d607cf625ba5edaea0257e96d5bf40de71d0fdb67f7cffa"
"diaries-responder/src/main/java/com/rsmaxwell/diaries/responder/sync/SynchroniseCallback.java","4197","09d775d25abf2eafdae9d895f8d5678aafb9daad964e8ccc3c2d83f83fd0059a"
"diaries-responder/src/main/java/com/rsmaxwell/diaries/responder/SyncroniseDatabase.java","10404","39aaaefe65549b3cc42699ba52be96c1001ca3e92ad57668fc32c3a210de2423"
"diaries-responder/src/main/java/com/rsmaxwell/diaries/responder/template/ImageInfo.java","129","fb4b180e216311397abbd90e39b269e89d467be57d36f7fca13ea44de95426a0"
"diaries-responder/src/main/java/com/rsmaxwell/diaries/responder/utilities/Authorization.java","4874","959a34b79477e147cf454e70ca457c369f0e625d1fa5cc5e3efd6ab7bf68591b"
"diaries-responder/src/main/java/com/rsmaxwell/diaries/responder/utilities/ConflictException.java","179","8c7274c7c8183922ef88c8932fb1d963c4bda5763df7d3d805c88704db2329fa"
"diaries-responder/src/main/java/com/rsmaxwell/diaries/responder/utilities/DiaryContext.java","12268","967a26714df641f71f77f7dae2bc2232f8635fbd4dc95a1fae280e2d197d0a84"
"diaries-responder/src/main/java/com/rsmaxwell/diaries/responder/utilities/Field.java","2428","b1cfbf59c81cec04b4d17748c95f00c670136226ec6c137e4021760dbe865b30"
"diaries-responder/src/main/java/com/rsmaxwell/diaries/responder/utilities/FragmentLocking.java","3761","e48cb56556af689c5df8e8485c271f3351846dfc040f1ea9e2ee34cf7f18e42b"
"diaries-responder/src/main/java/com/rsmaxwell/diaries/responder/utilities/FragmentSequenceNormaliser.java","4389","3db0f394225c891a4a4223ed5228363d99b542595670048bdb9b4d5b0bc1c773"
"diaries-responder/src/main/java/com/rsmaxwell/diaries/responder/utilities/GetEntityManager.java","4503","600bb6ce61bc2efc851c539d08659b4a2b6d24dcb88e6edc8c8edaf0f483aa77"
"diaries-responder/src/main/java/com/rsmaxwell/diaries/responder/utilities/ImageCatalogueService.java","30545","afb5dfca23c0ea0a0ef1d2b8c4e84ada98dc32620b7ea23a64ac92e484843961"
"diaries-responder/src/main/java/com/rsmaxwell/diaries/responder/utilities/ImageFragmentMessageHandler.java","3979","f541f28c562a2e5f626b3fcd2dff5e3479b2a8ff6a47029c1065b5ae7a7a0e46"
"diaries-responder/src/main/java/com/rsmaxwell/diaries/responder/utilities/ImageFragmentWritePolicy.java","693","4ac449f847ecbd8aac0e00fc78f0d75bfc5ff324bfbb2e5e295dfb8e45fa6a9a"
"diaries-responder/src/main/java/com/rsmaxwell/diaries/responder/utilities/ImageItem.java","2029","e7f6afa561af31b239d156755b6d05da1742f9b71034b7b17ffd208576c58000"
"diaries-responder/src/main/java/com/rsmaxwell/diaries/responder/utilities/ImageMetadataInspector.java","8874","338c81e7475140f894229f528f91d87c8e3a7d22586c0e440bc4db4ca49a35fd"
"diaries-responder/src/main/java/com/rsmaxwell/diaries/responder/utilities/ImagePathPolicy.java","5803","2ad518d57a23ef30421a12621c9bd4db1fe929b6e4aa3df7537a04c802184fe0"
"diaries-responder/src/main/java/com/rsmaxwell/diaries/responder/utilities/InspectedImage.java","562","f5ef8180d5b260df47e6a524e79515e0f50c832a192448b7964c3f7361ee021b"
"diaries-responder/src/main/java/com/rsmaxwell/diaries/responder/utilities/MqttCallbackAdapter.java","973","12c76b2adf50cd6eaa23f1cb1d4402a655facfc75ea81c4a05a2bb18bab5ef85"
"diaries-responder/src/main/java/com/rsmaxwell/diaries/responder/utilities/MyField.java","260","f9bfa8234ed40f98c45d54fbf715647aa2f9b6d4cfd1d5c455c1e1f774d16c3f"
"diaries-responder/src/main/java/com/rsmaxwell/diaries/responder/utilities/MyFileUtilities.java","880","984d81e9ecb845058e04c06d975a7d74834f5f52202b1766b164f36f29d7d349"
"diaries-responder/src/main/java/com/rsmaxwell/diaries/responder/utilities/MyGeneralUtilities.java","753","e4e879b41d4180329ac2bdf1de6dc2f9551029792c3efa40ca6fd2b3dfee5c8f"
"diaries-responder/src/main/java/com/rsmaxwell/diaries/responder/utilities/MyImageUtilities.java","1468","f6d594230bf6e35023eb8c4d00d538ba4aa14c64ea8f0cddee17161b460552fc"
"diaries-responder/src/main/java/com/rsmaxwell/diaries/responder/utilities/MyMessageHandler.java","2437","a6156cde7c0f2a9e5a78bb68a6fba37a247354b8dbbce54da6c1af8cda6d9ca2"
"diaries-responder/src/main/java/com/rsmaxwell/diaries/responder/utilities/Pair.java","664","12b65bf729313346f729508857bfd4cb7de92b87f0dc8ff2302be88aec9df9cc"
"diaries-responder/src/main/java/com/rsmaxwell/diaries/responder/utilities/PersistenceUnitInfoImpl.java","422","2571c822d3d55a809d2aaffde2857c0be2220c316a3d01d7d73ee546fa1e36a7"
"diaries-responder/src/main/java/com/rsmaxwell/diaries/responder/utilities/Rectangle.java","170","978e93ff8174cac94f6a0cfbb310a434a5d5e995a6ca1eee01af2ab2e5e04832"
"diaries-responder/src/main/java/com/rsmaxwell/diaries/responder/utilities/ResolvedFragmentState.java","1717","640ec809bf7c16102026dd9aa6ecc12b4e9c8c9bf28e348552f357578d85f6cd"
"diaries-responder/src/main/java/com/rsmaxwell/diaries/responder/utilities/ResolvedUpload.java","1112","3f18b749c99d04d872137e09b9c97ca60667e706aecf09c2cbe33ca2208eea30"
"diaries-responder/src/main/java/com/rsmaxwell/diaries/responder/utilities/SequenceNumber.java","402","d4cb3d5130319fb591636238f25c58c82970ee980f04275461eaecdd56b887c7"
"diaries-responder/src/main/java/com/rsmaxwell/diaries/responder/utilities/SqlBuilder.java","3782","b23e60833804ee2af656a2093dc0defaff8e300141ed19b4945691ac6a93a67b"
"diaries-responder/src/main/java/com/rsmaxwell/diaries/responder/utilities/TriFunction.java","166","58381d1998b8b813bdc4d54b10bd7f16cf75d7cf99b23ff18a90d2d05b55df5e"
"diaries-responder/src/main/java/com/rsmaxwell/diaries/responder/utilities/WhereBuilder.java","869","20a45ec41d261e6ec667e28bf6695de3d72be69346fbf35b746b21da10b2b227"
"diaries-responder/src/main/resources/com/rsmaxwell/diaries/response/image.svg","136","65ed524071a83231ae89993d0ac7847892c222e6615ffb47aa39d29529f594d7"
"diaries-responder/src/main/resources/log4j2.xml","2406","21aeca523475e2d7c2c3cea86cce2e4c9beb79f823caf31b38269f685245377a"
"diaries-responder/src/main/resources/META-INF/persistence.xml","579","f612bdb6def02a3595a30e0a4927573cf97bed5b1bde434c17ec7e133c26c6a8"
"diaries-responder/src/test/java/com/rsmaxwell/diaries/responder/config/ImageFragmentGateConfigTest.java","1139","3aa664e9c01fe21662e6bc44b06e480c04d9a422f47e90761e1aa9f2c2802345"
"diaries-responder/src/test/java/com/rsmaxwell/diaries/responder/dto/ImageDtoTest.java","10187","e4dde780f5fd45d6a38ba748ceabee7c4b22c532e125bd6b28f939cab1ad670c"
"diaries-responder/src/test/java/com/rsmaxwell/diaries/responder/dto/ListFilesResponseTest.java","482","be9781ffd2daf8dc27dab66fdc33da79481615eadbb50543a8a3dd277ca17868"
"diaries-responder/src/test/java/com/rsmaxwell/diaries/responder/dto/RetainedStateDtoContractTest.java","11326","3e30f7c5ec62818f2b8f10ddffcb0d910f86bc2646e79445641cbb3379e7b227"
"diaries-responder/src/test/java/com/rsmaxwell/diaries/responder/EmailAddressFieldTest.java","1865","e753cf9df5278f1f53b96b66a729e6fc0360a3069db8520816a56bb7296e6159"
"diaries-responder/src/test/java/com/rsmaxwell/diaries/responder/handlers/AddFragmentContractTest.java","5014","d243d9c460b91a463912a1eadf2a5b1fa5007ae15c971d83fffbe62c340ba52e"
"diaries-responder/src/test/java/com/rsmaxwell/diaries/responder/handlers/AddImageFragmentTest.java","6891","f15ece02576aeef52fb6b49623e1e41b4525189a4ef9da0043b43447b556f055"
"diaries-responder/src/test/java/com/rsmaxwell/diaries/responder/handlers/AuthenticationHandlerTest.java","8224","1e1d33c6295814f647892c63a15ca706942f6caddc4ef68c8b8592926d444f65"
"diaries-responder/src/test/java/com/rsmaxwell/diaries/responder/handlers/DeleteCatalogueTest.java","7551","a28e74ee7494aea7d5fa2b6aeb42b2c50b9eccfc862e52b4cd99bb09ea2e8b23"
"diaries-responder/src/test/java/com/rsmaxwell/diaries/responder/handlers/DeleteImageTest.java","7155","5f61cba314052f0bbc3c54a2046ded50bc2be78844a5042f5e5b05a6d9f750fc"
"diaries-responder/src/test/java/com/rsmaxwell/diaries/responder/handlers/FragmentLifecycleContractTest.java","14506","ea47b647868be4d45e33c70b4a5025c2ad59aa8193495d0f9032c98a97f5fa9d"
"diaries-responder/src/test/java/com/rsmaxwell/diaries/responder/handlers/HealthTest.java","6167","875818fdb6afe0c6bb51a75e5665cc77c909fdeb842018eb1daadc6b3a400064"
"diaries-responder/src/test/java/com/rsmaxwell/diaries/responder/handlers/UpdateFragmentImageTest.java","4519","2c67bc6940b0581bd5a7287530e809657d087f360289a8c979ffaec97ef80d3e"
"diaries-responder/src/test/java/com/rsmaxwell/diaries/responder/handlers/UploadStagingTest.java","14362","5db54a3de7376a031e6b1e1f32d6772b6ea221c830e5dc349cfdcf49e5789ca2"
"diaries-responder/src/test/java/com/rsmaxwell/diaries/responder/health/MqttRpcHealthCheckClientTest.java","2239","a0483c410ee476f727d8b8bf1352a5bb08684046fe8bd6a526b62343b4efb5e5"
"diaries-responder/src/test/java/com/rsmaxwell/diaries/responder/health/ResponderHealthCheckTest.java","7171","c912d4bc66d3cb17016ec852485807da139c3f78ddd06af26562087fecb9de01"
"diaries-responder/src/test/java/com/rsmaxwell/diaries/responder/ImageDeletionBrowserFixture.java","5625","ec3e59afc807e5eedd59a699acf4a2c0c3b94addfdc920ed5958e9642759e19b"
"diaries-responder/src/test/java/com/rsmaxwell/diaries/responder/ImageWiringIntegrationTest.java","117102","5999cb389d7cd5fa1e133b7d3392a668b90d2d0a6ada8a4315b33de6fc3d08fe"
"diaries-responder/src/test/java/com/rsmaxwell/diaries/responder/migration/migration0022/LegacyImageDetectorTest.java","977","70fbc6a6278379da910fcd57987dcd1b631fc2d8eafed46f0ef424accdcdd557"
"diaries-responder/src/test/java/com/rsmaxwell/diaries/responder/migration/migration0022/Migration0022InventoryTest.java","2085","fb4343199932fe91efc512f187c348dd73e492c5f9c140b27faa9e2e7bf29088"
"diaries-responder/src/test/java/com/rsmaxwell/diaries/responder/migration/migration0024/ImageReconcilerTest.java","13069","2fd81cbf7231d47e8d6f32b321d902f3a74b878d69a826d534b0187cd583e123"
"diaries-responder/src/test/java/com/rsmaxwell/diaries/responder/migration/migration0024/ImageReconciliationIntegrationTest.java","3570","7fc72895259ed6119a54e822592106fc6d4ace77a9cfcba94f55379575d7da98"
"diaries-responder/src/test/java/com/rsmaxwell/diaries/responder/PhoneNumberFieldTest.java","1677","c3a07690b039298dcb0a7fd3e587c90151a1d2d4ef18291359cad945d06ae4aa"
"diaries-responder/src/test/java/com/rsmaxwell/diaries/responder/repositoryImpl/FragmentRepositoryImplTest.java","3307","3c661caf8810b4014ce9366fb93e1993617279e5434b54fd62462b21d2c127cb"
"diaries-responder/src/test/java/com/rsmaxwell/diaries/responder/repositoryImpl/ImageRepositoryIntegrationTest.java","8358","c0bf7110d74eb6409498eeafdd42ab83ca87c7c6c18803956bd87df9b880f287"
"diaries-responder/src/test/java/com/rsmaxwell/diaries/responder/RepositoryTest.java","9931","f15b6825a75d2fc37de8b39d1d96a77c50338e929066b3e0bb88c0ba995a243f"
"diaries-responder/src/test/java/com/rsmaxwell/diaries/responder/StagingHttpTest.java","1751","9cb4bca78857fb359b0516242c0b78a85046c4b3b4e29ad8ce7f0e604d90720a"
"diaries-responder/src/test/java/com/rsmaxwell/diaries/responder/sync/ImageCatalogueMqttIntegrationTest.java","7564","c10a8ec226cf1b7faed42e19b2b131944c6495e0c4e2c82b84c199a8be75d08a"
"diaries-responder/src/test/java/com/rsmaxwell/diaries/responder/sync/SynchroniseCallbackTest.java","2984","971fe1c74db34a6ea7864a2ca1fe24c897f26df26a31df05f24732ad920c3a0f"
"diaries-responder/src/test/java/com/rsmaxwell/diaries/responder/sync/SynchroniseLargeRetainedTreeMqttIntegrationTest.java","7897","77911070f3b680a09f782d4f4c2738dfb53bb1fef890bd5a431dfc66cb15e312"
"diaries-responder/src/test/java/com/rsmaxwell/diaries/responder/utilities/AuthorizationTest.java","6059","226bce5c56b99a9aca0fe5e6b75defd97deb3b5baefbfb94b8cfc2359cfe40dd"
"diaries-responder/src/test/java/com/rsmaxwell/diaries/responder/utilities/DiaryContextImageTest.java","5985","7a6745a1e3193367e7e4851df462060c2029726f01d5874165feb60c43bb97a1"
"diaries-responder/src/test/java/com/rsmaxwell/diaries/responder/utilities/DiaryContextTest.java","8478","aeff7ac6f9a4a1f1dff505e37a33f8bfb3b85d08e9d0f53308ba9ecf072cc19a"
"diaries-responder/src/test/java/com/rsmaxwell/diaries/responder/utilities/FragmentSequenceNormaliserTest.java","10738","6823344e1cc68d36509705b36d4b842efdbf69e9c9116d66d02a03f2a5473257"
"diaries-responder/src/test/java/com/rsmaxwell/diaries/responder/utilities/ImageCatalogueDeletionTest.java","13385","72455f1336743ff4583a25e04df4e2ea9815c5cbbdd0a456f748a71562c94d14"
"diaries-responder/src/test/java/com/rsmaxwell/diaries/responder/utilities/ImageCatalogueServiceTest.java","12124","c50bb8a6597839f427c6231834a203e103047c35831ad61a6c98bbc62844205c"
"diaries-responder/src/test/java/com/rsmaxwell/diaries/responder/utilities/ImageDeletionConcurrencyTest.java","5675","70fc052e67ca931cee5595c1b4f11a064c9497bbb1d7a7d6f2c8f8ed036bd7cb"
"diaries-responder/src/test/java/com/rsmaxwell/diaries/responder/utilities/ImageFragmentMessageHandlerTest.java","4865","d57d4c3885587b60850232842785353021825b65c4a08a6ae803a0bb98dd0171"
"diaries-responder/src/test/java/com/rsmaxwell/diaries/responder/utilities/ImageMetadataInspectorTest.java","4757","cd50ed23ffb09e227745f21c309cec780850456a825fb86bbc6f625102e5c881"
"diaries-responder/src/test/java/com/rsmaxwell/diaries/responder/utilities/ImagePathPolicyTest.java","4050","3d64182e6173fde3463b16eb805fa321557742dbccd01734b7fc6b6e0727a00c"
"diaries-responder/src/test/java/com/rsmaxwell/diaries/responder/utilities/ResolvedFragmentStateTest.java","2725","e404f5ce38c55fbb5b3caaedaf5bd52185be7148eca8a9725b173b945c505c84"
"diaries-responder/src/test/resources/image-inspection/animated.gif","1099","3c48e8cae6350d76b7271d496278afc1dd3b2bc9ce21bbc81007953a661d2011"
"diaries-responder/src/test/resources/image-inspection/animated.webp","236","23999a44d5ceebaabc5097b06e4e3d91401a61b286bb245475af5747d8e6b95c"
"diaries-responder/src/test/resources/image-inspection/generate.py","763","35e48668d9e0005649de3b1a24df32f781f8ecce6832939649e88287f3e29dea"
"diaries-responder/src/test/resources/image-inspection/lossless.webp","50","b6c85439a8ccd195444ee578a43366170712b108d4920a2a1d2b18c303f03233"
"diaries-responder/src/test/resources/image-inspection/PackagedInspectionProbe.java","3661","fe3808e0bcca432a496b7043a89e22b70fb9914d841242e957891712726dd680"
"diaries-responder/src/test/resources/image-inspection/sample.gif","1014","7a62da97a409448ad6a06304bbcb5c61f8c09e3e77b3118b6c8ab9059e1faa8b"
"diaries-responder/src/test/resources/image-inspection/sample.jpg","664","2f7063169dfe2a314a188c41e9f657fc277b004a4ad8a327a23d57dd45e6e182"
"diaries-responder/src/test/resources/image-inspection/sample.png","89","c058bd573b19d4bfc140c95a103f51fb4ded20bc81ca619d4fd965d93a9a86bb"
"diaries-responder/src/test/resources/image-inspection/sample.webp","90","feb9a48a8d4b562b78ae5da3bbb08caedf0e36fa55fb436e46285996bcddec9f"
"diaries-web/AGENTS.md","997","4d3dd155dd7804118a37e56204e6b4662d3782f52121d7c1aa34e3ee517daf89"
"diaries-web/build.gradle","5238","053b7d32d7e28fc70a13ec97d4b63a6c5a91431764f52d567a63359d9d8f472a"
"diaries-web/config/diaries-web.docker.json","782","608e3c5267f6f3ba4b86bb3f87b98715b793cdf0a75262d30dadc0742029f0d9"
"diaries-web/config/diaries-web.example.json","768","cd9877508a9677cc388cede79f32364e787ca109308c7b5fa02b5d4c92910090"
"diaries-web/Dockerfile","854","a3c0d76046066e0ee750a28f1755be0386a5b216e06461f9cfa1f2c46a349342"
"diaries-web/README.md","9439","44c4a4ed491e0c20fdf2468b86280240921a19fec9c356a67122c53677af8af5"
"diaries-web/src/main/java/com/rsmaxwell/diaries/web/buildinfo/BuildInfo.java","1660","3b23da4be0d51d7fa311e87b6660c35b421a0266c1ce8266f605dddd9b034cf0"
"diaries-web/src/main/java/com/rsmaxwell/diaries/web/config/AppConfig.java","5879","0b9b4b96667d45b125eb4d7ddaf84b2a3d9910cf12829d889de84d5aed937276"
"diaries-web/src/main/java/com/rsmaxwell/diaries/web/config/ConfigLoader.java","2742","2af713577e63517dd45497f7fb978227ea87ca7e5b77cbf33f236fc4d6834462"
"diaries-web/src/main/java/com/rsmaxwell/diaries/web/config/LoadedConfiguration.java","128","ef3f5078bed2ab9e6598dede74e25a7c49a9a6f20a21b1c9333b8193026e59ac"
"diaries-web/src/main/java/com/rsmaxwell/diaries/web/config/MqttCredentials.java","584","ba26f9a0cc3a6bc7f8d5464091b571c4987889e02e662e3bd8571d8db5c8ebb1"
"diaries-web/src/main/java/com/rsmaxwell/diaries/web/DiariesWeb.java","2566","1d254cabab98106a61fd80307d75863b2aee21524fda9b154cb3b022fe460736"
"diaries-web/src/main/java/com/rsmaxwell/diaries/web/http/SiteUrls.java","1710","bb5c42d75b5a90f6fbc463dfe5cf3232ef85d2bde65e0e0c94b05168d84393af"
"diaries-web/src/main/java/com/rsmaxwell/diaries/web/http/WebServer.java","30477","9add0030a7e04093b8cad0e5a7e1cb9babe3834571b777919c6c9239b5c44997"
"diaries-web/src/main/java/com/rsmaxwell/diaries/web/model/DiaryItem.java","414","abb13649b52a2ba0aebe73be2ee949171e06760b0317e84e8c85a446c5afc4c5"
"diaries-web/src/main/java/com/rsmaxwell/diaries/web/model/FragmentItem.java","1460","9abf8258a1e451002bf40614dc3fd2eb16ed5c6cf5ca0f419cce4654bae1e3e8"
"diaries-web/src/main/java/com/rsmaxwell/diaries/web/model/FragmentType.java","94","7424abfd54d0f1ba5fab9cfee2aa8ca7fbdca1213590314ea58912a40061b4f5"
"diaries-web/src/main/java/com/rsmaxwell/diaries/web/model/MarqueeItem.java","526","27f11f717f1e349c5725dcd20d5da62987477aca7a58b98f09b7dec6e131711c"
"diaries-web/src/main/java/com/rsmaxwell/diaries/web/model/PageItem.java","1076","9e72a7e2a4e28b18baa9e4139090e20806f6b9e680cef9dea9b8bd1383f2c860"
"diaries-web/src/main/java/com/rsmaxwell/diaries/web/model/RectangleItem.java","370","99133b7498cf89b50d07bab33be7f554cdd1ce7b7ffb5ad5b2e20cac46ca6d28"
"diaries-web/src/main/java/com/rsmaxwell/diaries/web/model/Validation.java","1318","7dbdbbb3a9f2480ab6fd8af324e2b812d59e74b1ccdc14c408139878ce4bc0ce"
"diaries-web/src/main/java/com/rsmaxwell/diaries/web/mqtt/EntityType.java","359","83aa6fa657a68ff222aa4e4e572d38b315561e388b7f9c50d3815b5d4dbd1097"
"diaries-web/src/main/java/com/rsmaxwell/diaries/web/mqtt/MqttProjectionClient.java","7037","4edfb77445ed7f2669f84511c144cc1c318c69538d3c7e2893a25946f54be483"
"diaries-web/src/main/java/com/rsmaxwell/diaries/web/mqtt/ParsedTopic.java","97","773c8a2ae6706378a20600250e9934c205af6e420ea21d5403727bb0879fcd50"
"diaries-web/src/main/java/com/rsmaxwell/diaries/web/mqtt/RetainedMessageDecoder.java","2347","61e08bf71762e0efedf93ea8ce6f6e5fb3041058a1cd7f26e330daf23a026fad"
"diaries-web/src/main/java/com/rsmaxwell/diaries/web/mqtt/TopicParser.java","1618","4380334985086c206b383140e2e0a73647c893863a4a7add882a630f2b9150b2"
"diaries-web/src/main/java/com/rsmaxwell/diaries/web/projection/DiaryDayKey.java","136","2eb113f71876dca28aceea4949f53367abab9ea196a17ddce83385f4e8d740ce"
"diaries-web/src/main/java/com/rsmaxwell/diaries/web/projection/DiaryMonthKey.java","139","94c2a77f4abc350635279393089230762847137efb4af76a18eff61c0d49c17c"
"diaries-web/src/main/java/com/rsmaxwell/diaries/web/projection/MutableProjectionState.java","1643","80e6b33445b20e2949da09c49adab05dd1c656a5369c737b8c1cf3af84bbd334"
"diaries-web/src/main/java/com/rsmaxwell/diaries/web/projection/ProjectionEvent.java","911","ee1db1c63c66fe55e1f7a768ec811ad9d8e17780536c169a0205195dce5f372e"
"diaries-web/src/main/java/com/rsmaxwell/diaries/web/projection/ProjectionService.java","12147","fc574e85a118eb952745eb5944be3880be8f083858a012bc21efa7898c97a834"
"diaries-web/src/main/java/com/rsmaxwell/diaries/web/projection/ProjectionSnapshot.java","14218","8f1d19756c3db33f30ee8885941dd47f938ebce1830c0a5f8cf551cc9fed0e07"
"diaries-web/src/main/java/com/rsmaxwell/diaries/web/projection/ProjectionStatus.java","536","1a08c034026f98193634e8d0c6619ea8872d8ea99a4c291692f6073f0863a332"
"diaries-web/src/main/java/com/rsmaxwell/diaries/web/projection/RelationshipDiagnostics.java","512","9e4b2788c59567d91fd776a4ccdb315abca04948fdb5dead199248553906be81"
"diaries-web/src/main/java/com/rsmaxwell/diaries/web/projection/ResolvedFragment.java","535","e12754e6baa8e4341326c748e53b3a93a1375b4bda579661c46d81748a387be5"
"diaries-web/src/main/java/com/rsmaxwell/diaries/web/projection/SourceConnectionState.java","154","b9b962dfb92c7b00f0c24d7887314da559850095b8685e24e8ff6f60b3f69812"
"diaries-web/src/main/java/com/rsmaxwell/diaries/web/rendering/FragmentHtmlSanitizer.java","2953","9e20c62dad76fe75de6d76f9f40ce03b0b00a4df0db4936548a05e88817c6c17"
"diaries-web/src/main/java/com/rsmaxwell/diaries/web/rendering/ImageUrlBuilder.java","1275","c3d0ad20246c7386574a68e11400f64e5f2199d2bd57266aa019210f699becc1"
"diaries-web/src/main/java/com/rsmaxwell/diaries/web/rendering/LegacyImageUrlResolver.java","2341","65272d3b18212d6268ce73224280d60e87e44e4bc6be259e024cb860a82a7780"
"diaries-web/src/main/java/com/rsmaxwell/diaries/web/rendering/PebbleRenderer.java","1204","432ce63a0d71cc762ccd2936a23ac061e03113ee2ac03d847d6bfbf2a238746b"
"diaries-web/src/main/resources/log4j2.xml","453","d3a43af191ec7b870f1359bcb3678279e6775946f56212518c3bc067d9b2a48e"
"diaries-web/src/main/resources/static/css/diaries.css","9779","69d539c0a4c34854a92a0d36db04c0fac92375812b8aa99aa807c43b192733a5"
"diaries-web/src/main/resources/static/js/diaries.js","15895","05aec9e0ca5c43736842940f97fcb7fce4c7f7ff110eeae7779c9981c9b1cedd"
"diaries-web/src/main/resources/templates/about.peb","677","17d37b607061cc89cd264e1dfe3cb144af021bb54295b64aaed41c12a6169d7c"
"diaries-web/src/main/resources/templates/diary-index.peb","526","cc757196a0d908a9c3f7e71537b456cd96a667769355587eddc12c1af1878e5f"
"diaries-web/src/main/resources/templates/diary.peb","1915","9af1494f057edcb1b1c6a91b1dca7c4040c76f1ec59530468439e32be6954688"
"diaries-web/src/main/resources/templates/error.peb","361","e4f15ae03e6ded5497dc468e3ce47e91823f883a083e277c958a6457c3ea27e8"
"diaries-web/src/main/resources/templates/layouts/base.peb","978","de4db593e861e6a56a1f7ec4f986e4f4b0f214642c4b16d08eda680c162c3c44"
"diaries-web/src/main/resources/templates/month-reader.peb","5917","0b21f8cee94c19cdb626fb77691a3570ed058dd232e2750320d651f6b991641c"
"diaries-web/src/main/resources/templates/source-page.peb","2369","3af807821792ebf8ac5c02067edd2b27bb38d9017b3b1fadd0f60849ca311fc6"
"diaries-web/src/main/resources/templates/unavailable.peb","264","617566b001bfc54ed082cddca3982c4134accfdbe8ea57692b74688b22b78d5e"
"diaries-web/src/test/java/com/rsmaxwell/diaries/web/config/ConfigLoaderTest.java","2076","f6eb748d1e0b8fc53cf592a20e8a7a211c1d7604885918afb68fdb38ed470348"
"diaries-web/src/test/java/com/rsmaxwell/diaries/web/http/WebServerTest.java","13022","6c6c6b6d06a8e64b022759ddcd43bc56371be4302090e6822e9c76e96bef5f19"
"diaries-web/src/test/java/com/rsmaxwell/diaries/web/model/PageItemTest.java","1518","09f00d799527bd84f5a9431ae04875bb1f2222fbeef7cc29157b8dba1d6307f2"
"diaries-web/src/test/java/com/rsmaxwell/diaries/web/model/RectangleItemTest.java","1376","713aa2aeea8212b3b08cafc4d3e61c49a8756f2ab9f2c9d7d7f9b3d7132be2d4"
"diaries-web/src/test/java/com/rsmaxwell/diaries/web/mqtt/MqttProjectionIntegrationTest.java","13752","35745f2636df481f57dbd69ee0d3d7102ff5c024c0c1d5d62363b4c74800d0aa"
"diaries-web/src/test/java/com/rsmaxwell/diaries/web/mqtt/RetainedContractTest.java","7547","1cc8c5b4d4a85c5a4cc8187247e18ca6273b5100a319c676c866582b3c641d8c"
"diaries-web/src/test/java/com/rsmaxwell/diaries/web/projection/ProjectionServiceTest.java","16193","8038819d98be4c415c4a124f13e63699c5530715a9286b4a61bbbabb169b82c5"
"diaries-web/src/test/java/com/rsmaxwell/diaries/web/rendering/RenderingSafetyTest.java","2698","af96996f48704eee1d131e93b787c7502173ab75b30e29beecc8324013282151"
"diaries-web/src/test/java/com/rsmaxwell/diaries/web/SyntheticSiteMain.java","1355","82eb869a6d09ef4afc99acc751b9e252691bff3406c6f997393f0e9e92697885"
"diaries-web/src/test/java/com/rsmaxwell/diaries/web/TestData.java","4002","dfde156ce7a2dbec8f2dc083b7ea1e7f7d0073237db1d6529d4d9c0f54fd27b9"
"diaries-web/src/test/resources/fixtures/diary.json","62","496cec96667dad020482980bcd5be075b7478106f2eb38630a1df912bcb89294"
"diaries-web/src/test/resources/fixtures/fragment-legacy.json","122","9a8b89a93a1399dcde85d1bc5b13569c1d787c54896d0b49f6d7c9f68f10825e"
"diaries-web/src/test/resources/fixtures/fragment.json","299","0f0acdca40143ead561d6e85786f9f8f5b8d7cf9fadb520523aa97e508d71b04"
"diaries-web/src/test/resources/fixtures/marquee.json","111","ff573b7b52b1501ca46cb3da831fc52de1fb3e91146b4005e08b7fdfe37c2bab"
"diaries-web/src/test/resources/fixtures/page.json","116","4bd8dce34e41e055d71770e71a63a93ca1c751d7b473b8d2bc7a5790ade9097d"
"diaries-web/src/test/resources/mosquitto/acl","171","d69579406125cdbb6a328f4636b639a5001e26bdc3be3def767c51b27ca42769"
"diaries-web/src/test/resources/mosquitto/mosquitto.conf","141","580bd0f41da69de05786a3d7396944090fef6b3d09a711f1e6b1ae991738fbf1"
"gradle/libs.versions.toml","6051","98562856fbb91e563561d1d97015c0561119172af8bef0f0373838667dd01544"
"gradle/wrapper/gradle-wrapper.jar","46175","b3a875ddc1f044746e1b1a55f645584505f4a10438c1afea9f15e92a7c42ec13"
"gradle/wrapper/gradle-wrapper.properties","252","1d126b2f29d1a87825e57ae7a7a1b1cc06f8dcbc89dd614dc6a5b493244ba2cc"
"gradlew","8618","fb68debc1b1acf8ec55dc0d5e5495e1dedd0bd6b61f304bee61613eeb2bd9b92"
"gradlew.bat","2896","fedad02c18e266ec094995a5751b7fe1eb6e74f66bf75db64fae2e50eb22c234"
"settings.gradle","254","7f862175610e3fce1edfb6377cabb86d06905efc85571e16a55c14231af14bb3"
"versions.properties","1682","b31c0f6d0fce2091c9a6a540a70696854491b54f57c45818b121f67ce589c926"
