"path","sha256"
"diaries-responder/README.md","e834d99c498e8b52dcf7d25395ec300c55ed74f8e1536e31319d540799d3ead4"
"diaries-responder/src/main/java/com/rsmaxwell/diaries/responder/handlers/LockFragment.java","e0cfca74eb45f35f5e8914aa81c0512987d5e9b7bdcfa552b0827aa9e9a4f5a5"
"diaries-responder/src/main/java/com/rsmaxwell/diaries/responder/handlers/UnlockFragment.java","c0729d534c8c30dc750bb03c39e8dea889a04e98dd61b8521e6e9a3fa4f8eb76"
"diaries-responder/src/main/java/com/rsmaxwell/diaries/responder/handlers/DeleteFragment.java","c6539159b918ce5a3c46db628716828209bafc9e1128415d8b761366e7af89a0"
"diaries-responder/src/main/java/com/rsmaxwell/diaries/responder/handlers/AddMarquee.java","fe84779139a1e52db48218c394869bd3c47ae3ee0122c571533f960b6a09aac7"
"diaries-responder/src/main/java/com/rsmaxwell/diaries/responder/handlers/UpdateMarquee.java","b579933a25a08733a54adaab066bf4cc2fe3b66e387847eb2c54eed53f32b4c6"
"diaries-responder/src/main/java/com/rsmaxwell/diaries/responder/utilities/FragmentLocking.java","e48cb56556af689c5df8e8485c271f3351846dfc040f1ea9e2ee34cf7f18e42b"
"diaries-responder/src/main/java/com/rsmaxwell/diaries/responder/utilities/FragmentSequenceNormaliser.java","3db0f394225c891a4a4223ed5228363d99b542595670048bdb9b4d5b0bc1c773"
"diaries-responder/src/test/java/com/rsmaxwell/diaries/responder/ImageWiringIntegrationTest.java","1757ee00614b3cbda4bb76688e2d39ba19eb58d75c733b1581989aef7b519663"
"diaries-responder/src/test/java/com/rsmaxwell/diaries/responder/utilities/FragmentSequenceNormaliserTest.java","6823344e1cc68d36509705b36d4b842efdbf69e9c9116d66d02a03f2a5473257"
