path,sha256
diaries/config/mosquitto/README.md,eca52aa913e145fe06b435f5d8952f55616f7a21b160225cf7da71ef0ccff321
diaries/config/mosquitto/aclfile.txt,1aed4760d79f4e995c2b83a1dd08dd1539606e891283b711bd8ca0bcc957184c
diaries/diaries-web/AGENTS.md,546d48b42c29a0a4270e8156bb01af7a375d44d1a4f03b24a66d95749c19c1e1
diaries/diaries-web/src/main/java/com/rsmaxwell/diaries/web/mqtt/MqttProjectionClient.java,4dc7e9db9dd45945d0877a56732b96ddc0fccddd43e3df2bd099b928f543ed15
diaries/diaries-web/src/main/java/com/rsmaxwell/diaries/web/mqtt/TopicParser.java,03ecd4e304cf83f9777bec3a4eb14bd4cffc024563397a509796b0ef32e8eb96
diaries/diaries-web/src/test/java/com/rsmaxwell/diaries/web/mqtt/MqttReaderAclIntegrationTest.java,2de1e357d9867896d1661e9a6ba7217d4c4774702211c25b5811e6142080931c
diaries/diaries-web/src/test/java/com/rsmaxwell/diaries/web/mqtt/RetainedContractTest.java,8dbc2e77fd8df46f705ff6c84c1ee4760dda8d6dc99782c3f0c613456e861133
diaries/diaries-web/src/test/resources/mosquitto/acl,6310c3d103f9e266219a3657035bb844d13a28da3ebe3b7c5ef15eb1bdb4c131
playbooks/roles/diaries/files/sync/config/mosquitto/aclfile.txt,e73a705380496666bb6e2331c76e2fd551dcef59574c5af000ddc78b8cdc6732
