"relativePath","fragmentId","inputRow","candidateIndex","status","imageId","matchMethod","sourceSha256"
"diary-1828-and-1829-and-jan-1830/images/Lucia_Elizabeth_Vestris_by_Robert_William_Buss.jpg","739","42","1","MISSING_FILE_OR_IMAGE","","UNIQUE_LOCAL_SUFFIX","813bc1682fe98596008d63955026b5230cd3bfa65069b2ec539f8e62f6866b5b"
"diary-1828-and-1829-and-jan-1830/images/bugsbys_reach.jpg","680","36","1","MISSING_FILE_OR_IMAGE","","UNIQUE_LOCAL_SUFFIX","a1fd2c4322947aa5c0074b6ee9c17e9d782fa368e7b5cc37f5fb6ce8f3270e06"
"diary-1828-and-1829-and-jan-1830/images/img2840-image-map-whitley-park.jpg","84","1","1","MISSING_FILE_OR_IMAGE","","EXACT","d2618b29e0d593240306cd070d20b1c9b7646b4c6b6a828c7fae5c2cdb558b17"
"diary-1828-and-1829-and-jan-1830/images/img2841-image-map-commercial-hotel.jpg","96","2","1","MISSING_FILE_OR_IMAGE","","UNIQUE_LOCAL_SUFFIX","bdaeb2be43c9c1260c7a37150d52e3743b2dd9185c654c491b91f81bbaccfbc1"
"diary-1828-and-1829-and-jan-1830/images/img2842-image-broomville-house.jpg","114","3","1","MISSING_FILE_OR_IMAGE","","UNIQUE_LOCAL_SUFFIX","7c87b906c9516a993db5e15c83231d50a39775550b987d5ea2362eb9e448b2e2"
"diary-1828-and-1829-and-jan-1830/images/img2842-image-clogrennane-house.jpg","115","4","1","MISSING_FILE_OR_IMAGE","","UNIQUE_LOCAL_SUFFIX","4f510f34eebada32bcf27d628be3de620e5e27911721353ab44bd11535470276"
"diary-1828-and-1829-and-jan-1830/images/img2842-image-map-carlow.jpg","116","5","1","MISSING_FILE_OR_IMAGE","","UNIQUE_LOCAL_SUFFIX","2ea4563c838790b4177c63c21d826d9dd672459b7ff9035b0381ba6390e5c212"
"diary-1828-and-1829-and-jan-1830/images/img2842-image-map-dublin.jpg","117","6","1","MISSING_FILE_OR_IMAGE","","UNIQUE_LOCAL_SUFFIX","458f5fe08d150b430c442d359fc92761dcdec878bdac7d16a5cc43a843335f96"
"diary-1828-and-1829-and-jan-1830/images/img2842-image-map-tynemouth-to-carlow.jpg","118","7","1","MISSING_FILE_OR_IMAGE","","UNIQUE_LOCAL_SUFFIX","9ec8f5790927eb4a8d748a5b519e80792648b8830cf2a8c50774d45bbb522843"
"diary-1828-and-1829-and-jan-1830/images/img2852-image-black-middens.jpg","226","8","1","MISSING_FILE_OR_IMAGE","","UNIQUE_LOCAL_SUFFIX","c3a1a1ee518d252027cd199a7e9af3f0fae6adc09a64d96a8be177d869db0ba3"
"diary-1828-and-1829-and-jan-1830/images/img2852-image-hope-voyage.jpg","233","9","1","MISSING_FILE_OR_IMAGE","","UNIQUE_LOCAL_SUFFIX","48c10467140ab6665a2b9eb7e0813b51bf73fe411467fbc8b18424527581020d"
"diary-1828-and-1829-and-jan-1830/images/img2855-image-appuldurcombe-house.jpg","257","10","1","MISSING_FILE_OR_IMAGE","","UNIQUE_LOCAL_SUFFIX","94fab85ef8fa9f8e8a416fa6dc571a1fe8adb20d34f79d85ec2a18341dd17ff3"
"diary-1828-and-1829-and-jan-1830/images/img2855-image-isle-of-wight.jpg","258","11","1","MISSING_FILE_OR_IMAGE","","UNIQUE_LOCAL_SUFFIX","e58134c866c9f5aafb97a5bdc328dba6ff801f081d4c2095c222b2f65b886ea6"
"diary-1828-and-1829-and-jan-1830/images/img2855-image-navarino-house-map.png","260","13","1","MISSING_FILE_OR_IMAGE","","UNIQUE_LOCAL_SUFFIX","35cda588b0aa2aa23690fb8f086caed581268fb0be3d04ccefcfe93dc2d664e4"
"diary-1828-and-1829-and-jan-1830/images/img2855-image-navarino-house.jpg","259","12","1","MISSING_FILE_OR_IMAGE","","UNIQUE_LOCAL_SUFFIX","3a483c052a57d64d2c4ecb5cc994221a8ea9293932226d1a855b8a47188b055a"
"diary-1828-and-1829-and-jan-1830/images/img2860-image-map-alnwick-tyneside.jpg","310","14","1","MISSING_FILE_OR_IMAGE","","UNIQUE_LOCAL_SUFFIX","c5b1f079a06446fede73992a70ac403798d55c17ea512e31bfbe535aed35dfb9"
"diary-1828-and-1829-and-jan-1830/images/img2885-image-baltic-map.png","544","15","1","AMBIGUOUS_PATH","","UNIQUE_LOCAL_SUFFIX","d0c6c1d9f26695190050e125a35a266c653033c981a2c3f31b0ade33e8c779e6"
"diary-1828-and-1829-and-jan-1830/images/img2885-image-copenhagen-large-map.png","545","16","1","AMBIGUOUS_PATH","","UNIQUE_LOCAL_SUFFIX","a88a86461025f8ea89a908839c52cf9ef9e068f23cee2f3adcef2b6a20ea9978"
"diary-1828-and-1829-and-jan-1830/images/img2885-image-copenhagen-map.png","546","17","1","AMBIGUOUS_PATH","","UNIQUE_LOCAL_SUFFIX","258a8bb2d5f7832e42bc89bb9f2d977c950c76a20d64ffb09c04dd8b3c4a4a30"
"diary-1828-and-1829-and-jan-1830/images/img2891-image-copenhagen-east.png","547","18","1","AMBIGUOUS_PATH","","UNIQUE_LOCAL_SUFFIX","8d6bd5d6ec10f57ce1d4c9d3b14b35b1f7cfa1a0f70c49399e36d75904cec01e"
"diary-1828-and-1829-and-jan-1830/images/img2891-image-copenhagen-east.png","565","19","1","AMBIGUOUS_PATH","","UNIQUE_LOCAL_SUFFIX","8d6bd5d6ec10f57ce1d4c9d3b14b35b1f7cfa1a0f70c49399e36d75904cec01e"
"diary-1828-and-1829-and-jan-1830/images/img2892-image-baltic.png","575","20","1","AMBIGUOUS_PATH","","UNIQUE_LOCAL_SUFFIX","cd72871c14503fe8314a6ce9c332ffd9641729470df22ed1ee1bfbed73d525af"
"diary-1828-and-1829-and-jan-1830/images/img2893-image-kopu-lighthouse.jpg","578","21","1","MISSING_FILE_OR_IMAGE","","UNIQUE_LOCAL_SUFFIX","ad1512f6d3acac6bb8b745fa838f2109d0f1dd0d83a48b23a58be40c675b8e55"
"diary-1828-and-1829-and-jan-1830/images/img2900-image-hermitage.png","598","26","1","MISSING_FILE_OR_IMAGE","","UNIQUE_LOCAL_SUFFIX","06a71761704cccbc1e73b2c57828ff24bc270e891e803a75f7995e3f55d572ab"
"diary-1828-and-1829-and-jan-1830/images/img2900-image-room-plan.png","596","25","1","MISSING_FILE_OR_IMAGE","","UNIQUE_LOCAL_SUFFIX","ab415ed14943967866df18f528b35383d6b1919db22c5547d359e273da90083c"
"diary-1828-and-1829-and-jan-1830/images/img2900-image-san_pietroburgo_ermitage_02_palazzo_inverno_jpg_1200_630_cover_85.jpg","600","28","1","MISSING_FILE_OR_IMAGE","","UNIQUE_LOCAL_SUFFIX","7aec1848b75b41a65ea2c741a4064fc0a23b33f8d3c3c99e1ee6c24b582dfaad"
"diary-1828-and-1829-and-jan-1830/images/img2900-image-st-petersburg-map-large.png","595","24","1","AMBIGUOUS_PATH","","UNIQUE_LOCAL_SUFFIX","ce959ee6cedd15f561d8a72de80cad8e3cd08d28762fb949420556c1de51e033"
"diary-1828-and-1829-and-jan-1830/images/img2900-image-st-petersburg-map.png","594","23","1","AMBIGUOUS_PATH","","UNIQUE_LOCAL_SUFFIX","ff19be7c6fd54085b697c404dd26fbf2e6a68ce68e939ee2af339b57d65c6961"
"diary-1828-and-1829-and-jan-1830/images/img2900-image-the-jordan-staircase-state-hermitage-museum-st-petersburg-russia-B2KPFE.jpg","599","27","1","MISSING_FILE_OR_IMAGE","","UNIQUE_LOCAL_SUFFIX","da380260973702272c50582aff0f250bf55eb6517a07a292accb677f1f13d2cb"
"diary-1828-and-1829-and-jan-1830/images/img2900-peter-and-paul-cathedral-st-petersburg.jpg","593","22","1","MISSING_FILE_OR_IMAGE","","UNIQUE_LOCAL_SUFFIX","426a8f59d25ff1a928f49f568e9e7a02e323474271b48190638085e8b9fbf39f"
"diary-1828-and-1829-and-jan-1830/images/img2903-image-alexander-nevsky-monastery-st-petersburg-5.jpg","612","31","1","MISSING_FILE_OR_IMAGE","","UNIQUE_LOCAL_SUFFIX","332673db842be9af1d371d5da0c335ed06486f522e1a268cdf2abdee675c0508"
"diary-1828-and-1829-and-jan-1830/images/img2903-image-main-entrance-to-alexander-nevsky-monastery-in-st-petersburg.jpg","611","30","1","MISSING_FILE_OR_IMAGE","","UNIQUE_LOCAL_SUFFIX","f907638d7860909a745fa51d33afcf56c834d1fa9192b76e2ad88764aa07c27d"
"diary-1828-and-1829-and-jan-1830/images/img2903-image-st-isaac-church.png","606","29","1","MISSING_FILE_OR_IMAGE","","UNIQUE_LOCAL_SUFFIX","161f5efb58947eae3252f222862a24296e1de58719ffc1fc07a6806fb07495fa"
"diary-1828-and-1829-and-jan-1830/images/img2903-image-st-petersberg-alexander-nevsky-lavra-private-tour-528435.jpg","613","32","1","MISSING_FILE_OR_IMAGE","","UNIQUE_LOCAL_SUFFIX","518c7fb10f1f081da56e922e765d5c5b22aa51c3cd3c409a96ffb0851dea9e67"
"diary-1828-and-1829-and-jan-1830/images/img2910-commodore-trunnion-and-jack-hatchway.jpg","632","33","1","MISSING_FILE_OR_IMAGE","","UNIQUE_LOCAL_SUFFIX","bafb6eef265149634bb45714a94645e5dc389b422bcbbf0b9e72c937dd4d04db"
"diary-1828-and-1829-and-jan-1830/images/img2910-peregrine-pickle-1st-edition.png","633","34","1","MISSING_FILE_OR_IMAGE","","UNIQUE_LOCAL_SUFFIX","258848a27ee0bc052dfba90475375bc12e17cb74c0ae602e1211c5719b97abae"
"diary-1828-and-1829-and-jan-1830/images/img2920-WhiteHorse1896.jpg","684","38","1","MISSING_FILE_OR_IMAGE","","UNIQUE_LOCAL_SUFFIX","e5c3bd1bc7d8f59ccf85d582112ad5229d7ac2ebe9d5c6ab55d26dcbc17799d0"
"diary-1828-and-1829-and-jan-1830/images/img2920-image-map-london.png","679","35","1","AMBIGUOUS_PATH","","UNIQUE_LOCAL_SUFFIX","91399d676e3f5de0518e62532539bf227bafbf9bc30ba5795d5fbf9f39fd1614"
"diary-1828-and-1829-and-jan-1830/images/img2920-the-cock-fleet-street-london.png","683","37","1","MISSING_FILE_OR_IMAGE","","UNIQUE_LOCAL_SUFFIX","812da0d57cfb4c911a9cf69925c8baf8b9c6b1244554f62661618838ce152f32"
"diary-1828-and-1829-and-jan-1830/images/img2926-burnhopeside-hall.jpg","720","39","1","AMBIGUOUS_PATH","","UNIQUE_LOCAL_SUFFIX","6392ca012873a103a2955acf06a7fed3e9df5ad337510036bb3b43308eb991d4"
"diary-1828-and-1829-and-jan-1830/images/img2926-lanchester-church.jpg","722","40","1","MISSING_FILE_OR_IMAGE","","UNIQUE_LOCAL_SUFFIX","b275d9f9e837188ad70a559b19d76d03349dd5dd414e8de87709e07bf78dfd51"
"diary-1828-and-1829-and-jan-1830/images/img2927-the-kings-head-lanchester.jpg","725","41","1","MISSING_FILE_OR_IMAGE","","UNIQUE_LOCAL_SUFFIX","0f58ea60fcff04e4408a6fe85af195de9897d9eb8737961c4ec51690757e02f1"
"diary-1828-and-1829-and-jan-1830/images/the-tynemouth-lodge-hotel.jpg","809","43","1","MISSING_FILE_OR_IMAGE","","UNIQUE_LOCAL_SUFFIX","b9ea971ea16369c207fc68d36404ede3c2de2454bfa1b4ed48fa213e3e3eddd4"
"diary-1830/images/img2381-image-map.jpg","980","44","1","MISSING_FILE_OR_IMAGE","","UNIQUE_LOCAL_SUFFIX","e191a5e01844222eb4ce93ce97575c6b0a0f5b01709be78e3aecd1c9f56955ae"
"diary-1830/images/img2390-image-bullring.png","1029","45","1","MISSING_FILE_OR_IMAGE","","UNIQUE_LOCAL_SUFFIX","f8ec309da0ea38d875a1d5f4d88fc11988f9eaafb2cf0575c0aab0f16d876392"
"diary-1830/images/img2394-image-eldon-square-2.jpg","1030","46","1","MISSING_FILE_OR_IMAGE","","UNIQUE_LOCAL_SUFFIX","46bc21cce148a7f2474303425495123fd2bb509f1a5eb5f15617f3c0d1bf2ed0"
"diary-1830/images/img2398-image-archangel-map.png","1043","47","1","MISSING_FILE_OR_IMAGE","","UNIQUE_LOCAL_SUFFIX","cdabc06206abc9f4e2d4aca05aeddb349c732263cd148c59cd2380dfd324a809"
"diary-1831/images/img2734-doodle-on-blotting-paper.jpg","1182","48","1","MISSING_FILE_OR_IMAGE","","EXACT","1bb9b6992f4dff1ae2760bd629409f023fc3c60634d4bec6aa7de5b0239a8732"
"diary-1831/images/img2753-white-swan-alnwick.png","1251","49","1","MISSING_FILE_OR_IMAGE","","UNIQUE_LOCAL_SUFFIX","ccc8ffe3b829ba30bbdbc2e74f824a5ad91b0ce0e01fc775b37c212fd0068887"
"diary-1831/images/img2754-castle-alnwick.png","1253","50","1","MISSING_FILE_OR_IMAGE","","UNIQUE_LOCAL_SUFFIX","a5bd585d1d34f37080417e2de96ee2cd85ab2eb78ff9921f2a9ca798640e711b"
"diary-1831/images/img2754-the-bull-alnwick.png","1262","51","1","MISSING_FILE_OR_IMAGE","","UNIQUE_LOCAL_SUFFIX","76fee0aa0b9e20098c07866a329987eb358bb4f07db4d9f052844ce60ec3d0ac"
"diary-1831/images/img2755-bondgate-hall.png","1269","52","1","MISSING_FILE_OR_IMAGE","","UNIQUE_LOCAL_SUFFIX","112e511bd186320e8ceae6c23542f43031dc4970332760da637a88258e77f000"
"diary-1831/images/img2758-charlotte-square-newcastle.png","1276","53","1","MISSING_FILE_OR_IMAGE","","UNIQUE_LOCAL_SUFFIX","569678b48e67edfc97f0090992899b048813537984a9c944834f847625faf47d"
"diary-1831/images/img2758-northumberland-alms-tynemouth.png","1279","54","1","MISSING_FILE_OR_IMAGE","","UNIQUE_LOCAL_SUFFIX","2bc9e287d0a7fd1f52dae36b3f117be37c10d34e388c67fb2844f564c4cd02bd"
"diary-1831/images/img2761-brandon-white-house.png","1288","55","1","AMBIGUOUS_PATH","","UNIQUE_LOCAL_SUFFIX","d13fd1b922ed01453d5cb38235fe988058c93217dbb02cbcb0e1a0908fea9c30"
"diary-1831/images/img2762-north-shields-walk.png","1296","56","1","AMBIGUOUS_PATH","","UNIQUE_LOCAL_SUFFIX","13691d7f6249a1d303df908e8e546434e42e72390d1fefa86b5d5a08ca595a3c"
"diary-1831/images/img2767-hms-samarang.jpg","1315","57","1","MISSING_FILE_OR_IMAGE","","UNIQUE_LOCAL_SUFFIX","7e704da5b73cd5dbefd3175161bc5cdcc0371c720378572da55f5384cb2e9589"
"diary-1831/images/img2769-archibald-reed.jpg","1321","58","1","MISSING_FILE_OR_IMAGE","","UNIQUE_LOCAL_SUFFIX","59fc0dfa34c97deb01613aaa8571cabbf67da2bbf4780f50dfe0a8bde26ce985"
"diary-1831/images/img2780-cross-keys-hull.jpg","1373","59","1","MISSING_FILE_OR_IMAGE","","UNIQUE_LOCAL_SUFFIX","669a4a0b7c7ed8508a80817f7f257f47823705b0c69573421caf9f79eb16a6f5"
"diary-1831/images/img2783-black-swan-york.png","1375","60","1","MISSING_FILE_OR_IMAGE","","UNIQUE_LOCAL_SUFFIX","e1362e242ac61516ed15080b6a4065e0eb8b1d2bb289b3adaa6aebef95cebf4e"
"diary-1831/images/img2787-croquet-island.jpg","1392","61","1","MISSING_FILE_OR_IMAGE","","UNIQUE_LOCAL_SUFFIX","dd367ce600868011c8e94e7f913b09d291cb99801ad3010c36cf7ebedbd092d4"
"diary-1831/images/img2788-hermitage-inn-warkworth.png","1398","63","1","MISSING_FILE_OR_IMAGE","","UNIQUE_LOCAL_SUFFIX","bbc48f64c92d278325827accf5935ec4d963e3f33c887288e2bcfb776a292795"
"diary-1831/images/img2788-hermitage-warkworth.png","1397","62","1","MISSING_FILE_OR_IMAGE","","UNIQUE_LOCAL_SUFFIX","e0ddfdf5aa7188979428930e11e34fea43ea51bee85ec991004e042a4ac5e8d0"
"diary-1831/images/img2791-northumberland-house-london.jpg","1416","64","1","MISSING_FILE_OR_IMAGE","","UNIQUE_LOCAL_SUFFIX","593ad672893fbca53a11eff4af3dfbf066b351c01bcb6ddcd134efb6dba2ec09"
"diary-1831/images/img2792-baths-southampton.jpg","1420","66","1","MISSING_FILE_OR_IMAGE","","UNIQUE_LOCAL_SUFFIX","72aa640dfb5899ccbaa9c0d4c071c0296e5af7d7ba5802e358365e8c98aa972f"
"diary-1831/images/img2792-pier-southampton.jpg","1419","65","1","MISSING_FILE_OR_IMAGE","","UNIQUE_LOCAL_SUFFIX","45830e32268e7396490843cf2f75b1fc29202b189f6517ee20352a7e89ab55e8"
"diary-1831/images/img2798-crown-and-septre-london.png","1438","67","1","MISSING_FILE_OR_IMAGE","","UNIQUE_LOCAL_SUFFIX","04f1030d52dd79a7d66f396b139051ce889e7201a717cf38640de542693c4b57"
"diary-1831/images/img2799-coronation-william-4th.jpg","1443","68","1","MISSING_FILE_OR_IMAGE","","UNIQUE_LOCAL_SUFFIX","75df5aa3ee68ccc7586ed0f0035aac1c21aa17c8f719ee18242bb38edaf7eca7"
"diary-1831/images/img2805-blue-posts-pub.jpg","1461","70","1","MISSING_FILE_OR_IMAGE","","UNIQUE_LOCAL_SUFFIX","4ed885d473d1a216693306627ea99f7c743d9ebc08cfa9a43a509a72aa47042a"
"diary-1831/images/img2805-launch-of-hms-thunderer.jpg","1460","69","1","MISSING_FILE_OR_IMAGE","","UNIQUE_LOCAL_SUFFIX","d8d2e0a9ae6d4fb8f38593b64db24dbeaa2f8ef055d08c536fca5e05671f6583"
"diary-1832/images/img3018-murder-of-nicholas-fairles.png","1738","72","1","MISSING_FILE_OR_IMAGE","","UNIQUE_LOCAL_SUFFIX","c8c92c0c3c0944f0835b96652e7f57d5acff9bdbd0c21ccd1862fb60b12887cd"
"diary-1834/images/img2994-burnhopeside-hall.jpg","1933","73","1","MISSING_FILE_OR_IMAGE","","UNIQUE_LOCAL_SUFFIX","351809f11b0501894c7a4427a13e9167a3c44d460cb8e6815dd4a720debabae4"
"images/img2982-note-at-front-of-diary.jpg","1564","71","1","AMBIGUOUS_PATH","","UNIQUE_LOCAL_SUFFIX","08d96834738ecaa4b61ff47504f047c6033efff576787ca7a2e6ec8b545496ae"
