"relativePath","imageId","status"
"diary-1828-and-1829-and-jan-1830/images/Lucia_Elizabeth_Vestris_by_Robert_William_Buss.jpg","1","CREATED"
"diary-1828-and-1829-and-jan-1830/images/bugsbys_reach.jpg","2","CREATED"
"diary-1828-and-1829-and-jan-1830/images/img2840-image-map-whitley-park.jpg","3","CREATED"
"diary-1828-and-1829-and-jan-1830/images/img2841-image-map-commercial-hotel.jpg","4","CREATED"
"diary-1828-and-1829-and-jan-1830/images/img2842-image-broomville-house.jpg","5","CREATED"
"diary-1828-and-1829-and-jan-1830/images/img2842-image-clogrennane-house.jpg","6","CREATED"
"diary-1828-and-1829-and-jan-1830/images/img2842-image-map-carlow.jpg","7","CREATED"
"diary-1828-and-1829-and-jan-1830/images/img2842-image-map-dublin.jpg","8","CREATED"
"diary-1828-and-1829-and-jan-1830/images/img2842-image-map-tynemouth-to-carlow.jpg","9","CREATED"
"diary-1828-and-1829-and-jan-1830/images/img2852-image-black-middens.jpg","10","CREATED"
"diary-1828-and-1829-and-jan-1830/images/img2852-image-hope-voyage.jpg","11","CREATED"
"diary-1828-and-1829-and-jan-1830/images/img2855-image-appuldurcombe-house.jpg","12","CREATED"
"diary-1828-and-1829-and-jan-1830/images/img2855-image-isle-of-wight.jpg","13","CREATED"
"diary-1828-and-1829-and-jan-1830/images/img2855-image-navarino-house-map.png","14","CREATED"
"diary-1828-and-1829-and-jan-1830/images/img2855-image-navarino-house.jpg","15","CREATED"
"diary-1828-and-1829-and-jan-1830/images/img2860-image-map-alnwick-tyneside.jpg","16","CREATED"
"diary-1828-and-1829-and-jan-1830/images/img2893-image-kopu-lighthouse.jpg","17","CREATED"
"diary-1828-and-1829-and-jan-1830/images/img2900-image-hermitage.png","18","CREATED"
"diary-1828-and-1829-and-jan-1830/images/img2900-image-room-plan.png","19","CREATED"
"diary-1828-and-1829-and-jan-1830/images/img2900-image-san_pietroburgo_ermitage_02_palazzo_inverno_jpg_1200_630_cover_85.jpg","20","CREATED"
"diary-1828-and-1829-and-jan-1830/images/img2900-image-the-jordan-staircase-state-hermitage-museum-st-petersburg-russia-B2KPFE.jpg","21","CREATED"
"diary-1828-and-1829-and-jan-1830/images/img2900-peter-and-paul-cathedral-st-petersburg.jpg","22","CREATED"
"diary-1828-and-1829-and-jan-1830/images/img2903-image-alexander-nevsky-monastery-st-petersburg-5.jpg","23","CREATED"
"diary-1828-and-1829-and-jan-1830/images/img2903-image-main-entrance-to-alexander-nevsky-monastery-in-st-petersburg.jpg","24","CREATED"
"diary-1828-and-1829-and-jan-1830/images/img2903-image-st-isaac-church.png","25","CREATED"
"diary-1828-and-1829-and-jan-1830/images/img2903-image-st-petersberg-alexander-nevsky-lavra-private-tour-528435.jpg","26","CREATED"
"diary-1828-and-1829-and-jan-1830/images/img2910-commodore-trunnion-and-jack-hatchway.jpg","27","CREATED"
"diary-1828-and-1829-and-jan-1830/images/img2910-peregrine-pickle-1st-edition.png","28","CREATED"
"diary-1828-and-1829-and-jan-1830/images/img2920-WhiteHorse1896.jpg","29","CREATED"
"diary-1828-and-1829-and-jan-1830/images/img2920-the-cock-fleet-street-london.png","30","CREATED"
"diary-1828-and-1829-and-jan-1830/images/img2926-lanchester-church.jpg","31","CREATED"
"diary-1828-and-1829-and-jan-1830/images/img2927-the-kings-head-lanchester.jpg","32","CREATED"
"diary-1828-and-1829-and-jan-1830/images/original-st-petersburg-map-large.png","33","CREATED"
"diary-1828-and-1829-and-jan-1830/images/original-st-petersburg-map.png","34","CREATED"
"diary-1828-and-1829-and-jan-1830/images/the-tynemouth-lodge-hotel.jpg","35","CREATED"
"diary-1830/images/dockwray square view.jpg","36","CREATED"
"diary-1830/images/eldon-square.jpg","37","CREATED"
"diary-1830/images/herd-groyn.jpg","38","CREATED"
"diary-1830/images/img2373-map.jpg","39","CREATED"
"diary-1830/images/img2381-image-map.jpg","40","CREATED"
"diary-1830/images/img2390-image-bullring.png","41","CREATED"
"diary-1830/images/img2394-image-eldon-square-2.jpg","42","CREATED"
"diary-1830/images/img2398-image-archangel-map.png","43","CREATED"
"diary-1830/images/map3.jpg","44","CREATED"
"diary-1830/images/map4.jpg","45","CREATED"
"diary-1831/images/img2734-doodle-on-blotting-paper.jpg","46","CREATED"
"diary-1831/images/img2753-white-swan-alnwick.png","47","CREATED"
"diary-1831/images/img2754-castle-alnwick.png","48","CREATED"
"diary-1831/images/img2754-the-bull-alnwick.png","49","CREATED"
"diary-1831/images/img2755-bondgate-hall.png","50","CREATED"
"diary-1831/images/img2758-charlotte-square-newcastle.png","51","CREATED"
"diary-1831/images/img2758-northumberland-alms-tynemouth.png","52","CREATED"
"diary-1831/images/img2767-hms-samarang.jpg","53","CREATED"
"diary-1831/images/img2769-archibald-reed.jpg","54","CREATED"
"diary-1831/images/img2780-cross-keys-hull.jpg","55","CREATED"
"diary-1831/images/img2783-black-swan-york.png","56","CREATED"
"diary-1831/images/img2787-croquet-island.jpg","57","CREATED"
"diary-1831/images/img2788-hermitage-inn-warkworth.png","58","CREATED"
"diary-1831/images/img2788-hermitage-warkworth.png","59","CREATED"
"diary-1831/images/img2791-northumberland-house-london.jpg","60","CREATED"
"diary-1831/images/img2792-baths-southampton.jpg","61","CREATED"
"diary-1831/images/img2792-pier-southampton.jpg","62","CREATED"
"diary-1831/images/img2798-crown-and-septre-london.png","63","CREATED"
"diary-1831/images/img2799-coronation-william-4th.jpg","64","CREATED"
"diary-1831/images/img2805-blue-posts-pub.jpg","65","CREATED"
"diary-1831/images/img2805-launch-of-hms-thunderer.jpg","66","CREATED"
"diary-1832/images/img2982-note-at-front-of-diary.jpg","67","CREATED"
"diary-1832/images/img3018-murder-of-nicholas-fairles.png","68","CREATED"
"diary-1834/images/Benton-Park-House.jpg","69","CREATED"
"diary-1834/images/img2982-note-at-front-of-diary.jpg","70","CREATED"
"diary-1834/images/img2994-burnhopeside-hall.jpg","71","CREATED"
