database_fragment_id,date,inventory_classification,legacy_image_reference,source_key,target_fragment_type,type_basis,marquee_action,page_id,execution_stage
84,1828-03-20,ORPHAN_OR_INCONSISTENT,diary-1828-and-1829-and-jan-1830/images/img2840-image-map-whitley-park.jpg,fragments/1828/03/20-b-img2840-image-map-whitley-park,IMAGE,REVIEW_LEDGER_OVERRIDE,KEEP_ABSENT,,DEFERRED_IMAGE_MIGRATION
96,1828-03-31,ORPHAN_OR_INCONSISTENT,images/img2841-image-map-commercial-hotel.jpg,fragments/1828/03/31-b-img2841-image-map-commercial-hotel,IMAGE,DATABASE_EMBEDDED_IMAGE,KEEP_ABSENT,,DEFERRED_IMAGE_MIGRATION
114,1828-04-17,ORPHAN_OR_INCONSISTENT,images/img2842-image-broomville-house.jpg,fragments/1828/04/17-b1-img2842-image-broomville-house,IMAGE,DATABASE_EMBEDDED_IMAGE,KEEP_ABSENT,,DEFERRED_IMAGE_MIGRATION
115,1828-04-17,ORPHAN_OR_INCONSISTENT,images/img2842-image-clogrennane-house.jpg,fragments/1828/04/17-b2-img2842-image-clogrennane-house,IMAGE,DATABASE_EMBEDDED_IMAGE,KEEP_ABSENT,,DEFERRED_IMAGE_MIGRATION
116,1828-04-17,ORPHAN_OR_INCONSISTENT,images/img2842-image-map-carlow.jpg,fragments/1828/04/17-b3-img2842-image-map-carlow,IMAGE,DATABASE_EMBEDDED_IMAGE,KEEP_ABSENT,,DEFERRED_IMAGE_MIGRATION
117,1828-04-17,ORPHAN_OR_INCONSISTENT,images/img2842-image-map-dublin.jpg,fragments/1828/04/17-b4-img2842-image-map-dublin,IMAGE,DATABASE_EMBEDDED_IMAGE,KEEP_ABSENT,,DEFERRED_IMAGE_MIGRATION
118,1828-04-17,ORPHAN_OR_INCONSISTENT,images/img2842-image-map-tynemouth-to-carlow.jpg,fragments/1828/04/17-b5-img2842-image-map-tynemouth-to-carlow,IMAGE,DATABASE_EMBEDDED_IMAGE,KEEP_ABSENT,,DEFERRED_IMAGE_MIGRATION
226,1828-08-01,ORPHAN_OR_INCONSISTENT,images/img2852-image-black-middens.jpg,fragments/1828/08/01-b-img2852-image-black-middens,IMAGE,DATABASE_EMBEDDED_IMAGE,KEEP_ABSENT,,DEFERRED_IMAGE_MIGRATION
233,1828-08-07,ORPHAN_OR_INCONSISTENT,images/img2852-image-hope-voyage.jpg,fragments/1828/08/07-b-img2852-image-hope-voyage,IMAGE,DATABASE_EMBEDDED_IMAGE,KEEP_ABSENT,,DEFERRED_IMAGE_MIGRATION
257,1828-08-30,ORPHAN_OR_INCONSISTENT,images/img2855-image-appuldurcombe-house.jpg,fragments/1828/08/30-b1-img2855-image-appuldurcombe-house,IMAGE,DATABASE_EMBEDDED_IMAGE,KEEP_ABSENT,,DEFERRED_IMAGE_MIGRATION
258,1828-08-30,ORPHAN_OR_INCONSISTENT,images/img2855-image-isle-of-wight.jpg,fragments/1828/08/30-b2-img2855-image-isle-of-wight,IMAGE,DATABASE_EMBEDDED_IMAGE,KEEP_ABSENT,,DEFERRED_IMAGE_MIGRATION
259,1828-08-30,ORPHAN_OR_INCONSISTENT,images/img2855-image-navarino-house.jpg,fragments/1828/08/30-b3-img2855-image-navarino-house,IMAGE,DATABASE_EMBEDDED_IMAGE,KEEP_ABSENT,,DEFERRED_IMAGE_MIGRATION
260,1828-08-30,ORPHAN_OR_INCONSISTENT,images/img2855-image-navarino-house-map.png,fragments/1828/08/30-b4-img2855-image-navarino-house-map,IMAGE,DATABASE_EMBEDDED_IMAGE,KEEP_ABSENT,,DEFERRED_IMAGE_MIGRATION
310,1828-10-17,ORPHAN_OR_INCONSISTENT,images/img2860-image-map-alnwick-tyneside.jpg,fragments/1828/10/17-b-img2860-image-map-alnwick-tyneside,IMAGE,DATABASE_EMBEDDED_IMAGE,KEEP_ABSENT,,DEFERRED_IMAGE_MIGRATION
544,1829-06-05,ORPHAN_OR_INCONSISTENT,images/img2885-image-baltic-map.png,fragments/1829/06/05-b1-img2885-image-baltic-map,IMAGE,DATABASE_EMBEDDED_IMAGE,KEEP_ABSENT,,DEFERRED_IMAGE_MIGRATION
545,1829-06-05,ORPHAN_OR_INCONSISTENT,images/img2885-image-copenhagen-large-map.png,fragments/1829/06/05-b2-img2885-image-copenhagen-large-map,IMAGE,DATABASE_EMBEDDED_IMAGE,KEEP_ABSENT,,DEFERRED_IMAGE_MIGRATION
546,1829-06-05,ORPHAN_OR_INCONSISTENT,images/img2885-image-copenhagen-map.png,fragments/1829/06/05-b3-img2885-image-copenhagen-map,IMAGE,DATABASE_EMBEDDED_IMAGE,KEEP_ABSENT,,DEFERRED_IMAGE_MIGRATION
547,1829-06-05,ORPHAN_OR_INCONSISTENT,images/img2891-image-copenhagen-east.png,fragments/1829/06/05-b4-img2891-image-copenhagen-east,IMAGE,DATABASE_EMBEDDED_IMAGE,KEEP_ABSENT,,DEFERRED_IMAGE_MIGRATION
565,1829-06-20,ORPHAN_OR_INCONSISTENT,images/img2891-image-copenhagen-east.png,fragments/1829/06/20-dem-img2885-petersburg-voyage-commences,IMAGE,DATABASE_EMBEDDED_IMAGE,KEEP_ABSENT,,DEFERRED_IMAGE_MIGRATION
575,1829-06-26,ORPHAN_OR_INCONSISTENT,images/img2892-image-baltic.png,fragments/1829/06/26-b3-img2892-image-baltic,IMAGE,DATABASE_EMBEDDED_IMAGE,KEEP_ABSENT,,DEFERRED_IMAGE_MIGRATION
578,1829-06-27,ORPHAN_OR_INCONSISTENT,images/img2893-image-kopu-lighthouse.jpg,fragments/1829/06/27-b3-img2893-image-kopu-lighthouse,IMAGE,DATABASE_EMBEDDED_IMAGE,KEEP_ABSENT,,DEFERRED_IMAGE_MIGRATION
593,1829-07-07,ORPHAN_OR_INCONSISTENT,images/img2900-peter-and-paul-cathedral-st-petersburg.jpg,fragments/1829/07/07-b1-img2900-peter-and-paul-cathedral-st-petersburg,IMAGE,DATABASE_EMBEDDED_IMAGE,KEEP_ABSENT,,DEFERRED_IMAGE_MIGRATION
594,1829-07-07,ORPHAN_OR_INCONSISTENT,images/img2900-image-st-petersburg-map.png,fragments/1829/07/07-b2-img2900-st-petersburg-map,IMAGE,DATABASE_EMBEDDED_IMAGE,KEEP_ABSENT,,DEFERRED_IMAGE_MIGRATION
595,1829-07-07,ORPHAN_OR_INCONSISTENT,images/img2900-image-st-petersburg-map-large.png,fragments/1829/07/07-b3-img2900-st-petersburg-map-large,IMAGE,DATABASE_EMBEDDED_IMAGE,KEEP_ABSENT,,DEFERRED_IMAGE_MIGRATION
596,1829-07-07,ORPHAN_OR_INCONSISTENT,images/img2900-image-room-plan.png,fragments/1829/07/07-b4-img2900-room-plan,IMAGE,DATABASE_EMBEDDED_IMAGE,KEEP_ABSENT,,DEFERRED_IMAGE_MIGRATION
598,1829-07-08,ORPHAN_OR_INCONSISTENT,images/img2900-image-hermitage.png,fragments/1829/07/08-b1-img2900-hermitage-3,IMAGE,DATABASE_EMBEDDED_IMAGE,KEEP_ABSENT,,DEFERRED_IMAGE_MIGRATION
599,1829-07-08,ORPHAN_OR_INCONSISTENT,images/img2900-image-the-jordan-staircase-state-hermitage-museum-st-petersburg-russia-B2KPFE.jpg,fragments/1829/07/08-b2-img2900-hermitage-2,IMAGE,DATABASE_EMBEDDED_IMAGE,KEEP_ABSENT,,DEFERRED_IMAGE_MIGRATION
600,1829-07-08,ORPHAN_OR_INCONSISTENT,images/img2900-image-san_pietroburgo_ermitage_02_palazzo_inverno_jpg_1200_630_cover_85.jpg,fragments/1829/07/08-b3-img2900-hermitage-1,IMAGE,DATABASE_EMBEDDED_IMAGE,KEEP_ABSENT,,DEFERRED_IMAGE_MIGRATION
606,1829-07-11,ORPHAN_OR_INCONSISTENT,images/img2903-image-st-isaac-church.png,fragments/1829/07/11-b3-img2903-st-isaac-church,IMAGE,DATABASE_EMBEDDED_IMAGE,KEEP_ABSENT,,DEFERRED_IMAGE_MIGRATION
611,1829-07-14,ORPHAN_OR_INCONSISTENT,images/img2903-image-main-entrance-to-alexander-nevsky-monastery-in-st-petersburg.jpg,fragments/1829/07/14-b1-img2904-monastery-alexander-nevsky-lavra-1,IMAGE,DATABASE_EMBEDDED_IMAGE,KEEP_ABSENT,,DEFERRED_IMAGE_MIGRATION
612,1829-07-14,ORPHAN_OR_INCONSISTENT,images/img2903-image-alexander-nevsky-monastery-st-petersburg-5.jpg,fragments/1829/07/14-b2-img2904-monastery-alexander-nevsky-lavra-2,IMAGE,DATABASE_EMBEDDED_IMAGE,KEEP_ABSENT,,DEFERRED_IMAGE_MIGRATION
613,1829-07-14,ORPHAN_OR_INCONSISTENT,images/img2903-image-st-petersberg-alexander-nevsky-lavra-private-tour-528435.jpg,fragments/1829/07/14-b3-img2904-monastery-alexander-nevsky-lavra-3,IMAGE,DATABASE_EMBEDDED_IMAGE,KEEP_ABSENT,,DEFERRED_IMAGE_MIGRATION
632,1829-07-29,ORPHAN_OR_INCONSISTENT,images/img2910-commodore-trunnion-and-jack-hatchway.jpg,fragments/1829/07/29-b1-img2910-roderick-random-and-peregrine-pickle-1,IMAGE,DATABASE_EMBEDDED_IMAGE,KEEP_ABSENT,,DEFERRED_IMAGE_MIGRATION
633,1829-07-29,ORPHAN_OR_INCONSISTENT,images/img2910-peregrine-pickle-1st-edition.png,fragments/1829/07/29-b2-img2910-roderick-random-and-peregrine-pickle-2,IMAGE,DATABASE_EMBEDDED_IMAGE,KEEP_ABSENT,,DEFERRED_IMAGE_MIGRATION
679,1829-09-05,ORPHAN_OR_INCONSISTENT,images/img2920-image-map-london.png,fragments/1829/09/05-b1-img2920-image-map-london,IMAGE,DATABASE_EMBEDDED_IMAGE,KEEP_ABSENT,,DEFERRED_IMAGE_MIGRATION
680,1829-09-05,ORPHAN_OR_INCONSISTENT,images/bugsbys_reach.jpg,fragments/1829/09/05-b2-img2920-bugsbys-hole,IMAGE,DATABASE_EMBEDDED_IMAGE,KEEP_ABSENT,,DEFERRED_IMAGE_MIGRATION
683,1829-09-07,ORPHAN_OR_INCONSISTENT,images/img2920-the-cock-fleet-street-london.png,fragments/1829/09/07-b2-img2920-the-cock-fleet-street-london,IMAGE,DATABASE_EMBEDDED_IMAGE,KEEP_ABSENT,,DEFERRED_IMAGE_MIGRATION
684,1829-09-07,ORPHAN_OR_INCONSISTENT,images/img2920-WhiteHorse1896.jpg,fragments/1829/09/07-b3-img2920-the-white-horse-fetter-lane-london,IMAGE,DATABASE_EMBEDDED_IMAGE,KEEP_ABSENT,,DEFERRED_IMAGE_MIGRATION
720,1829-10-10,ORPHAN_OR_INCONSISTENT,images/img2926-burnhopeside-hall.jpg,fragments/1829/10/10-b3-img2926-burnhopeside-hall,IMAGE,DATABASE_EMBEDDED_IMAGE,KEEP_ABSENT,,DEFERRED_IMAGE_MIGRATION
722,1829-10-11,ORPHAN_OR_INCONSISTENT,images/img2926-lanchester-church.jpg,fragments/1829/10/11-b3-img2926-lanchester-church,IMAGE,DATABASE_EMBEDDED_IMAGE,KEEP_ABSENT,,DEFERRED_IMAGE_MIGRATION
725,1829-10-13,ORPHAN_OR_INCONSISTENT,images/img2927-the-kings-head-lanchester.jpg,fragments/1829/10/13-b3-img2927-the-kings-head-lanchester,IMAGE,DATABASE_EMBEDDED_IMAGE,KEEP_ABSENT,,DEFERRED_IMAGE_MIGRATION
739,1829-10-26,ORPHAN_OR_INCONSISTENT,images/Lucia_Elizabeth_Vestris_by_Robert_William_Buss.jpg,fragments/1829/10/26-b3-img2928-lucia-vestris,IMAGE,DATABASE_EMBEDDED_IMAGE,KEEP_ABSENT,,DEFERRED_IMAGE_MIGRATION
809,1830-01-03,ORPHAN_OR_INCONSISTENT,images/the-tynemouth-lodge-hotel.jpg,fragments/1830/01/03-b3-img2937-the-tynemouth-lodge-hotel,IMAGE,DATABASE_EMBEDDED_IMAGE,KEEP_ABSENT,,DEFERRED_IMAGE_MIGRATION
980,1830-06-23,ORPHAN_OR_INCONSISTENT,images/img2381-image-map.jpg,fragments/1830/06/23-b1-img2381-image-map,IMAGE,DATABASE_EMBEDDED_IMAGE,KEEP_ABSENT,,DEFERRED_IMAGE_MIGRATION
1029,1830-08-10,ORPHAN_OR_INCONSISTENT,images/img2390-image-bullring.png,fragments/1830/08/10-b2-img2390-image-bullring,IMAGE,DATABASE_EMBEDDED_IMAGE,KEEP_ABSENT,,DEFERRED_IMAGE_MIGRATION
1030,1830-08-10,ORPHAN_OR_INCONSISTENT,images/img2394-image-eldon-square-2.jpg,fragments/1830/08/10-b3-img2394-image-eldon-square-2,IMAGE,DATABASE_EMBEDDED_IMAGE,KEEP_ABSENT,,DEFERRED_IMAGE_MIGRATION
1043,1830-08-22,ORPHAN_OR_INCONSISTENT,images/img2398-image-archangel-map.png,fragments/1830/08/22-b1-img2398-image-archangel-map,IMAGE,DATABASE_EMBEDDED_IMAGE,KEEP_ABSENT,,DEFERRED_IMAGE_MIGRATION
1182,1831-01-05,ORPHAN_OR_INCONSISTENT,diary-1831/images/img2734-doodle-on-blotting-paper.jpg,fragments/1831/01/05-b1-img2734-doodle-on-blotting-paper,IMAGE,REVIEW_LEDGER_OVERRIDE,KEEP_ABSENT,,DEFERRED_IMAGE_MIGRATION
1251,1831-03-14,LEGACY_IMAGE_CANDIDATE,images/img2753-white-swan-alnwick.png,fragments/1831/03/14-b3-img2753-white-swan-alnwick,IMAGE,DATABASE_EMBEDDED_IMAGE,REMOVE_WHEN_IMAGE_MIGRATED,893,DEFERRED_IMAGE_MIGRATION
1253,1831-03-15,LEGACY_IMAGE_CANDIDATE,images/img2754-castle-alnwick.png,fragments/1831/03/15-b3-img2754-castle-alnwick,IMAGE,DATABASE_EMBEDDED_IMAGE,REMOVE_WHEN_IMAGE_MIGRATED,894,DEFERRED_IMAGE_MIGRATION
1262,1831-03-22,LEGACY_IMAGE_CANDIDATE,images/img2754-the-bull-alnwick.png,fragments/1831/03/22-b3-img2754-the-bull-alnwick,IMAGE,DATABASE_EMBEDDED_IMAGE,REMOVE_WHEN_IMAGE_MIGRATED,894,DEFERRED_IMAGE_MIGRATION
1269,1831-03-28,LEGACY_IMAGE_CANDIDATE,images/img2755-bondgate-hall.png,fragments/1831/03/28-b3-img2755-bondgate-hall,IMAGE,DATABASE_EMBEDDED_IMAGE,REMOVE_WHEN_IMAGE_MIGRATED,895,DEFERRED_IMAGE_MIGRATION
1276,1831-04-02,LEGACY_IMAGE_CANDIDATE,images/img2758-charlotte-square-newcastle.png,fragments/1831/04/02-b3-img2758-charlotte-square-newcastle,IMAGE,DATABASE_EMBEDDED_IMAGE,REMOVE_WHEN_IMAGE_MIGRATED,895,DEFERRED_IMAGE_MIGRATION
1279,1831-04-04,LEGACY_IMAGE_CANDIDATE,images/img2758-northumberland-alms-tynemouth.png,fragments/1831/04/04-b3-img2758-northumberland-alms-tynemouth,IMAGE,DATABASE_EMBEDDED_IMAGE,REMOVE_WHEN_IMAGE_MIGRATED,895,DEFERRED_IMAGE_MIGRATION
1288,1831-04-12,LEGACY_IMAGE_CANDIDATE,images/img2761-brandon-white-house.png,fragments/1831/04/12-b3-img2761-brandon-white-house,IMAGE,DATABASE_EMBEDDED_IMAGE,REMOVE_WHEN_IMAGE_MIGRATED,901,DEFERRED_IMAGE_MIGRATION
1296,1831-04-19,LEGACY_IMAGE_CANDIDATE,images/img2762-north-shields-walk.png,fragments/1831/04/19-b3-img2762-north-shields-walk,IMAGE,DATABASE_EMBEDDED_IMAGE,REMOVE_WHEN_IMAGE_MIGRATED,902,DEFERRED_IMAGE_MIGRATION
1315,1831-05-07,LEGACY_IMAGE_CANDIDATE,images/img2767-hms-samarang.jpg,fragments/1831/05/07-b3-img2767-hms-samarang,IMAGE,DATABASE_EMBEDDED_IMAGE,REMOVE_WHEN_IMAGE_MIGRATED,907,DEFERRED_IMAGE_MIGRATION
1321,1831-05-12,LEGACY_IMAGE_CANDIDATE,images/img2769-archibald-reed.jpg,fragments/1831/05/12-b3-img2769-mayer-archibald-and-the keelmen-strike,IMAGE,DATABASE_EMBEDDED_IMAGE,REMOVE_WHEN_IMAGE_MIGRATED,909,DEFERRED_IMAGE_MIGRATION
1373,1831-07-02,LEGACY_IMAGE_CANDIDATE,images/img2780-cross-keys-hull.jpg,fragments/1831/06/26-b3-img2780-cross-keys-hull,IMAGE,DATABASE_EMBEDDED_IMAGE,REMOVE_WHEN_IMAGE_MIGRATED,920,DEFERRED_IMAGE_MIGRATION
1375,1831-07-03,LEGACY_IMAGE_CANDIDATE,images/img2783-black-swan-york.png,fragments/1831/07/03-b3-img2783-black-swan-york,IMAGE,DATABASE_EMBEDDED_IMAGE,REMOVE_WHEN_IMAGE_MIGRATED,923,DEFERRED_IMAGE_MIGRATION
1392,1831-07-19,LEGACY_IMAGE_CANDIDATE,images/img2787-croquet-island.jpg,fragments/1831/07/19-b3-img2787-croquet-island,IMAGE,DATABASE_EMBEDDED_IMAGE,REMOVE_WHEN_IMAGE_MIGRATED,927,DEFERRED_IMAGE_MIGRATION
1397,1831-07-23,LEGACY_IMAGE_CANDIDATE,images/img2788-hermitage-warkworth.png,fragments/1831/07/23-b2-img2788-hermitage-warkworth,IMAGE,DATABASE_EMBEDDED_IMAGE,REMOVE_WHEN_IMAGE_MIGRATED,928,DEFERRED_IMAGE_MIGRATION
1398,1831-07-23,LEGACY_IMAGE_CANDIDATE,images/img2788-hermitage-inn-warkworth.png,fragments/1831/07/23-b3-img2788-hermitage-inn-warkworth,IMAGE,DATABASE_EMBEDDED_IMAGE,REMOVE_WHEN_IMAGE_MIGRATED,928,DEFERRED_IMAGE_MIGRATION
1416,1831-08-17,LEGACY_IMAGE_CANDIDATE,images/img2791-northumberland-house-london.jpg,fragments/1831/08/17-b3-img2791-northumberland-house-london,IMAGE,DATABASE_EMBEDDED_IMAGE,REMOVE_WHEN_IMAGE_MIGRATED,931,DEFERRED_IMAGE_MIGRATION
1419,1831-08-19,LEGACY_IMAGE_CANDIDATE,images/img2792-pier-southampton.jpg,fragments/1831/08/19-b2-img2792-pier-southampton,IMAGE,DATABASE_EMBEDDED_IMAGE,REMOVE_WHEN_IMAGE_MIGRATED,932,DEFERRED_IMAGE_MIGRATION
1420,1831-08-19,LEGACY_IMAGE_CANDIDATE,images/img2792-baths-southampton.jpg,fragments/1831/08/19-b3-img2792-baths-southampton,IMAGE,DATABASE_EMBEDDED_IMAGE,REMOVE_WHEN_IMAGE_MIGRATED,932,DEFERRED_IMAGE_MIGRATION
1438,1831-09-04,LEGACY_IMAGE_CANDIDATE,images/img2798-crown-and-septre-london.png,fragments/1831/09/04-b3-img2798-crown-and-septre-london,IMAGE,DATABASE_EMBEDDED_IMAGE,REMOVE_WHEN_IMAGE_MIGRATED,938,DEFERRED_IMAGE_MIGRATION
1443,1831-09-08,LEGACY_IMAGE_CANDIDATE,images/img2799-coronation-william-4th.jpg,fragments/1831/09/08-b3-img2799-coronation-william-4th,IMAGE,DATABASE_EMBEDDED_IMAGE,REMOVE_WHEN_IMAGE_MIGRATED,939,DEFERRED_IMAGE_MIGRATION
1460,1831-09-22,LEGACY_IMAGE_CANDIDATE,images/img2805-launch-of-hms-thunderer.jpg,fragments/1831/09/22-b3-img2805-launch-of-hms-thunderer,IMAGE,DATABASE_EMBEDDED_IMAGE,REMOVE_WHEN_IMAGE_MIGRATED,945,DEFERRED_IMAGE_MIGRATION
1461,1831-09-22,LEGACY_IMAGE_CANDIDATE,images/img2805-blue-posts-pub.jpg,fragments/1831/09/22-b4-img2805-blue-posts-pub,IMAGE,DATABASE_EMBEDDED_IMAGE,REMOVE_WHEN_IMAGE_MIGRATED,945,DEFERRED_IMAGE_MIGRATION
1564,1832-01-01,ORPHAN_OR_INCONSISTENT,images/img2982-note-at-front-of-diary.jpg,fragments/1832/01/01-note-in-front-of-diary,IMAGE,DATABASE_EMBEDDED_IMAGE,KEEP_ABSENT,,DEFERRED_IMAGE_MIGRATION
1738,1832-06-27,ORPHAN_OR_INCONSISTENT,images/img3018-murder-of-nicholas-fairles.png,fragments/1832/06/27-m3-img3018-murder-of-nicholas-fairles,MARQUEE,REVIEW_LEDGER_OVERRIDE,KEEP_ABSENT,,SAFE_TYPED_FRAGMENT_STAGE
1933,1834-01-07,ORPHAN_OR_INCONSISTENT,images/img2994-burnhopeside-hall.jpg,fragments/1834/01/07-b3-img2994-burnhopeside-hall,IMAGE,DATABASE_EMBEDDED_IMAGE,KEEP_ABSENT,,DEFERRED_IMAGE_MIGRATION
