"component","commit","path"
"diaries-client","e18da846fe4d395f5714e1d85bd6d70f1f1db437","README.md"
"diaries-client","e18da846fe4d395f5714e1d85bd6d70f1f1db437","src/app/files-list-dialog/delete-image-confirmation.component.ts"
"diaries-client","e18da846fe4d395f5714e1d85bd6d70f1f1db437","src/app/files-list-dialog/files-list-dialog.component.html"
"diaries-client","e18da846fe4d395f5714e1d85bd6d70f1f1db437","src/app/files-list-dialog/files-list-dialog.component.scss"
"diaries-client","e18da846fe4d395f5714e1d85bd6d70f1f1db437","src/app/files-list-dialog/files-list-dialog.component.ts"
"diaries-client","e18da846fe4d395f5714e1d85bd6d70f1f1db437","src/app/files-list-dialog/files-list-dialog.context-menu.spec.ts"
"diaries-client","e18da846fe4d395f5714e1d85bd6d70f1f1db437","src/app/files-list-dialog/files-list-dialog.e2e-spec.ts"
"diaries-client","e18da846fe4d395f5714e1d85bd6d70f1f1db437","src/app/model/delete-image-reply.ts"
"diaries-client","e18da846fe4d395f5714e1d85bd6d70f1f1db437","src/app/mqtt/file-rpc-compatibility.spec.ts"
"diaries-client","e18da846fe4d395f5714e1d85bd6d70f1f1db437","src/app/mqtt/rpc.service.ts"
"diaries-client","e18da846fe4d395f5714e1d85bd6d70f1f1db437","src/app/testing/delete-image-rpc.fixture.ts"
"diaries-client","e18da846fe4d395f5714e1d85bd6d70f1f1db437","tsconfig.spec.json"
"diaries-responder","810444eb37289dd16a9fb3a317358c1a21b6cdcf","README.md"
"diaries-responder","810444eb37289dd16a9fb3a317358c1a21b6cdcf","build.gradle"
"diaries-responder","810444eb37289dd16a9fb3a317358c1a21b6cdcf","src/main/java/com/rsmaxwell/diaries/responder/Responder.java"
"diaries-responder","810444eb37289dd16a9fb3a317358c1a21b6cdcf","src/main/java/com/rsmaxwell/diaries/responder/dto/ImagePublishDTO.java"
"diaries-responder","810444eb37289dd16a9fb3a317358c1a21b6cdcf","src/main/java/com/rsmaxwell/diaries/responder/dto/ListFilesResponse.java"
"diaries-responder","810444eb37289dd16a9fb3a317358c1a21b6cdcf","src/main/java/com/rsmaxwell/diaries/responder/handlers/DeleteImage.java"
"diaries-responder","810444eb37289dd16a9fb3a317358c1a21b6cdcf","src/main/java/com/rsmaxwell/diaries/responder/utilities/ImageCatalogueService.java"
"diaries-responder","810444eb37289dd16a9fb3a317358c1a21b6cdcf","src/test/java/com/rsmaxwell/diaries/responder/ImageDeletionBrowserFixture.java"
"diaries-responder","810444eb37289dd16a9fb3a317358c1a21b6cdcf","src/test/java/com/rsmaxwell/diaries/responder/ImageWiringIntegrationTest.java"
"diaries-responder","810444eb37289dd16a9fb3a317358c1a21b6cdcf","src/test/java/com/rsmaxwell/diaries/responder/dto/ListFilesResponseTest.java"
"diaries-responder","810444eb37289dd16a9fb3a317358c1a21b6cdcf","src/test/java/com/rsmaxwell/diaries/responder/handlers/DeleteImageTest.java"
"diaries-responder","810444eb37289dd16a9fb3a317358c1a21b6cdcf","src/test/java/com/rsmaxwell/diaries/responder/utilities/ImageCatalogueDeletionTest.java"
"diaries-responder","810444eb37289dd16a9fb3a317358c1a21b6cdcf","src/test/java/com/rsmaxwell/diaries/responder/utilities/ImageDeletionConcurrencyTest.java"
