"relativePath","entryType","Length","Extension","lastModifiedUtc","LinkType"
"diary-1828-and-1829-and-jan-1830","directory",,"","2026-08-04T14:18:07.5010835Z",
"diary-1828-and-1829-and-jan-1830/images","directory",,"","2026-08-04T14:44:55.5099011Z",
"diary-1828-and-1829-and-jan-1830/images/bugsbys_reach.jpg","file","95227",".jpg","2026-04-14T19:57:43.5216427Z",
"diary-1828-and-1829-and-jan-1830/images/img2840-image-map-whitley-park.jpg","file","97518",".jpg","2026-04-14T19:57:43.5822545Z",
"diary-1828-and-1829-and-jan-1830/images/img2841-image-map-commercial-hotel.jpg","file","378089",".jpg","2023-12-31T23:01:06.9469028Z",
"diary-1828-and-1829-and-jan-1830/images/img2842-image-broomville-house.jpg","file","45891",".jpg","2026-04-18T09:46:09.3125674Z",
"diary-1828-and-1829-and-jan-1830/images/img2842-image-clogrennane-house.jpg","file","64933",".jpg","2026-04-18T09:46:09.3493283Z",
"diary-1828-and-1829-and-jan-1830/images/img2842-image-map-carlow.jpg","file","349100",".jpg","2026-04-18T09:46:09.3932122Z",
"diary-1828-and-1829-and-jan-1830/images/img2842-image-map-dublin.jpg","file","430776",".jpg","2026-04-18T09:46:09.6109880Z",
"diary-1828-and-1829-and-jan-1830/images/img2842-image-map-tynemouth-to-carlow.jpg","file","283417",".jpg","2026-04-18T09:46:09.6607000Z",
"diary-1828-and-1829-and-jan-1830/images/img2852-image-black-middens.jpg","file","222697",".jpg","2026-04-18T09:46:09.7057987Z",
"diary-1828-and-1829-and-jan-1830/images/img2852-image-hope-voyage.jpg","file","234230",".jpg","2026-04-18T09:46:09.7520826Z",
"diary-1828-and-1829-and-jan-1830/images/img2855-image-appuldurcombe-house.jpg","file","610224",".jpg","2026-04-18T09:46:09.8181453Z",
"diary-1828-and-1829-and-jan-1830/images/img2855-image-isle-of-wight.jpg","file","235096",".jpg","2026-04-18T09:46:09.8644291Z",
"diary-1828-and-1829-and-jan-1830/images/img2855-image-navarino-house.jpg","file","398835",".jpg","2026-04-18T09:46:09.9541174Z",
"diary-1828-and-1829-and-jan-1830/images/img2855-image-navarino-house-map.png","file","755486",".png","2026-08-04T14:44:02.4750696Z",
"diary-1828-and-1829-and-jan-1830/images/img2860-image-map-alnwick-tyneside.jpg","file","166161",".jpg","2026-04-18T09:46:09.9958372Z",
"diary-1828-and-1829-and-jan-1830/images/img2885-image-baltic-map.png","file","1423373",".png","2026-04-18T09:46:10.0800686Z",
"diary-1828-and-1829-and-jan-1830/images/img2885-image-copenhagen-large-map.png","file","839354",".png","2026-04-18T09:46:10.1641465Z",
"diary-1828-and-1829-and-jan-1830/images/img2885-image-copenhagen-map.png","file","1283962",".png","2026-04-18T09:46:10.2429045Z",
"diary-1828-and-1829-and-jan-1830/images/img2891-image-copenhagen-east.png","file","1113615",".png","2026-04-18T09:46:10.3238903Z",
"diary-1828-and-1829-and-jan-1830/images/img2892-image-baltic.png","file","1129960",".png","2026-04-18T09:46:10.4017051Z",
"diary-1828-and-1829-and-jan-1830/images/img2893-image-kopu-lighthouse.jpg","file","18532",".jpg","2026-04-18T09:46:10.4393143Z",
"diary-1828-and-1829-and-jan-1830/images/img2900-image-hermitage.png","file","3840009",".png","2026-04-18T09:46:10.5582292Z",
"diary-1828-and-1829-and-jan-1830/images/img2900-image-room-plan.png","file","155149",".png","2026-04-18T09:46:10.6024112Z",
"diary-1828-and-1829-and-jan-1830/images/img2900-image-san_pietroburgo_ermitage_02_palazzo_inverno_jpg_1200_630_cover_85.jpg","file","196108",".jpg","2026-04-18T09:46:10.6461476Z",
"diary-1828-and-1829-and-jan-1830/images/img2900-image-st-petersburg-map.png","file","1266267",".png","2026-04-18T09:46:10.7964942Z",
"diary-1828-and-1829-and-jan-1830/images/img2900-image-st-petersburg-map-large.png","file","869810",".png","2026-04-18T09:46:10.7151291Z",
"diary-1828-and-1829-and-jan-1830/images/img2900-image-the-jordan-staircase-state-hermitage-museum-st-petersburg-russia-B2KPFE.jpg","file","243122",".jpg","2026-04-18T09:46:10.8399064Z",
"diary-1828-and-1829-and-jan-1830/images/img2900-peter-and-paul-cathedral-st-petersburg.jpg","file","105667",".jpg","2026-04-18T09:46:10.8795972Z",
"diary-1828-and-1829-and-jan-1830/images/img2900-st-petersburg-map-large.png","file","869810",".png","2026-04-18T09:46:10.9476454Z",
"diary-1828-and-1829-and-jan-1830/images/img2903-image-alexander-nevsky-monastery-st-petersburg-5.jpg","file","407064",".jpg","2026-04-18T09:46:10.9963838Z",
"diary-1828-and-1829-and-jan-1830/images/img2903-image-main-entrance-to-alexander-nevsky-monastery-in-st-petersburg.jpg","file","212912",".jpg","2026-04-18T09:46:11.0419730Z",
"diary-1828-and-1829-and-jan-1830/images/img2903-image-st-isaac-church.png","file","3840009",".png","2026-04-18T09:46:11.2099771Z",
"diary-1828-and-1829-and-jan-1830/images/img2903-image-st-petersberg-alexander-nevsky-lavra-private-tour-528435.jpg","file","1021328",".jpg","2026-04-18T09:46:11.3038621Z",
"diary-1828-and-1829-and-jan-1830/images/img2910-commodore-trunnion-and-jack-hatchway.jpg","file","21408",".jpg","2026-04-18T09:46:11.3422138Z",
"diary-1828-and-1829-and-jan-1830/images/img2910-peregrine-pickle-1st-edition.png","file","20197",".png","2026-04-18T09:46:11.3765544Z",
"diary-1828-and-1829-and-jan-1830/images/img2920-image-map-london.png","file","1318232",".png","2026-04-18T09:46:11.4494916Z",
"diary-1828-and-1829-and-jan-1830/images/img2920-the-cock-fleet-street-london.png","file","3397006",".png","2026-04-18T09:46:11.8392056Z",
"diary-1828-and-1829-and-jan-1830/images/img2920-WhiteHorse1896.jpg","file","83976",".jpg","2026-04-18T09:46:11.8816603Z",
"diary-1828-and-1829-and-jan-1830/images/img2926-burnhopeside-hall.jpg","file","136069",".jpg","2026-04-18T09:46:11.9387264Z",
"diary-1828-and-1829-and-jan-1830/images/img2926-lanchester-church.jpg","file","353613",".jpg","2026-04-18T09:46:11.9911693Z",
"diary-1828-and-1829-and-jan-1830/images/img2927-the-kings-head-lanchester.jpg","file","293843",".jpg","2026-04-18T09:46:12.0389273Z",
"diary-1828-and-1829-and-jan-1830/images/Lucia_Elizabeth_Vestris_by_Robert_William_Buss.jpg","file","66232",".jpg","2026-04-18T09:46:12.0810797Z",
"diary-1828-and-1829-and-jan-1830/images/original-st-petersburg-map.png","file","971278",".png","2026-04-18T09:46:12.3996198Z",
"diary-1828-and-1829-and-jan-1830/images/original-st-petersburg-map-large.png","file","726197",".png","2026-04-18T09:46:12.3293871Z",
"diary-1828-and-1829-and-jan-1830/images/the-tynemouth-lodge-hotel.jpg","file","706924",".jpg","2026-04-18T09:46:12.4993675Z",
"diary-1828-and-1829-and-jan-1830/images/Thumbs.db","file","513536",".db","2026-08-04T14:44:15.2210000Z",
"diary-1828-and-1829-and-jan-1830/Thumbs.db","file","19456",".db","2026-08-04T10:20:12.3630000Z",
"diary-1830","directory",,"","2026-08-04T14:19:36.8723552Z",
"diary-1830/images","directory",,"","2026-08-04T14:22:15.2956093Z",
"diary-1830/images/dockwray square view.jpg","file","396786",".jpg","2026-04-18T09:46:15.9507095Z",
"diary-1830/images/eldon-square.jpg","file","473518",".jpg","2026-04-18T09:46:16.0016968Z",
"diary-1830/images/herd-groyn.jpg","file","204196",".jpg","2026-04-18T09:46:16.0511393Z",
"diary-1830/images/img2373-map.jpg","file","283246",".jpg","2026-04-18T09:46:16.0994347Z",
"diary-1830/images/img2381-image-map.jpg","file","551721",".jpg","2026-04-18T09:46:15.7969784Z",
"diary-1830/images/img2390-image-bullring.png","file","73135",".png","2026-04-18T09:46:15.8464975Z",
"diary-1830/images/img2394-image-eldon-square-2.jpg","file","225448",".jpg","2026-04-18T09:46:15.8956224Z",
"diary-1830/images/img2398-image-archangel-map.png","file","631877",".png","2026-04-18T09:46:16.1533822Z",
"diary-1830/images/map3.jpg","file","424178",".jpg","2026-04-18T09:46:16.2519939Z",
"diary-1830/images/map4.jpg","file","351622",".jpg","2026-04-18T09:46:16.3335477Z",
"diary-1830/images/Thumbs.db","file","136192",".db","2026-08-04T14:22:18.1100000Z",
"diary-1831","directory",,"","2026-08-04T14:20:01.4147044Z",
"diary-1831/images","directory",,"","2026-08-04T14:20:04.4277472Z",
"diary-1831/images/img2734-doodle-on-blotting-paper.jpg","file","917535",".jpg","2026-04-18T09:46:16.4126512Z",
"diary-1831/images/img2753-white-swan-alnwick.png","file","4127458",".png","2026-04-18T09:46:16.5612576Z",
"diary-1831/images/img2754-castle-alnwick.png","file","6120624",".png","2026-04-18T09:46:16.8957604Z",
"diary-1831/images/img2754-the-bull-alnwick.png","file","3797424",".png","2026-04-18T09:46:17.0428989Z",
"diary-1831/images/img2755-bondgate-hall.png","file","1436020",".png","2026-04-18T09:46:17.1300733Z",
"diary-1831/images/img2758-charlotte-square-newcastle.png","file","5032873",".png","2026-04-18T09:46:17.4049401Z",
"diary-1831/images/img2758-northumberland-alms-tynemouth.png","file","3779749",".png","2026-04-18T09:46:17.5259307Z",
"diary-1831/images/img2761-brandon-white-house.png","file","752096",".png","2026-04-18T09:46:17.5849615Z",
"diary-1831/images/img2762-north-shields-walk.png","file","2414628",".png","2026-04-18T09:46:17.6921965Z",
"diary-1831/images/img2767-hms-samarang.jpg","file","634169",".jpg","2026-04-18T09:46:17.8583788Z",
"diary-1831/images/img2769-archibald-reed.jpg","file","44517",".jpg","2026-04-18T09:46:17.9018142Z",
"diary-1831/images/img2780-cross-keys-hull.jpg","file","138217",".jpg","2026-04-18T09:46:17.9440836Z",
"diary-1831/images/img2783-black-swan-york.png","file","2641002",".png","2026-04-18T09:46:18.0357216Z",
"diary-1831/images/img2787-croquet-island.jpg","file","36884",".jpg","2026-04-18T09:46:18.0796598Z",
"diary-1831/images/img2788-hermitage-inn-warkworth.png","file","3353345",".png","2026-04-18T09:46:18.4224550Z",
"diary-1831/images/img2788-hermitage-warkworth.png","file","4588992",".png","2026-04-18T09:46:18.5745414Z",
"diary-1831/images/img2791-northumberland-house-london.jpg","file","23442",".jpg","2026-04-18T09:46:18.6177056Z",
"diary-1831/images/img2792-baths-southampton.jpg","file","418261",".jpg","2026-04-18T09:46:18.6706669Z",
"diary-1831/images/img2792-pier-southampton.jpg","file","378441",".jpg","2026-04-18T09:46:18.9795419Z",
"diary-1831/images/img2798-crown-and-septre-london.png","file","4273147",".png","2026-04-18T09:46:19.1343242Z",
"diary-1831/images/img2799-coronation-william-4th.jpg","file","193051",".jpg","2026-04-18T09:46:19.1870607Z",
"diary-1831/images/img2805-blue-posts-pub.jpg","file","4249490",".jpg","2026-04-18T09:46:19.3031992Z",
"diary-1831/images/img2805-launch-of-hms-thunderer.jpg","file","27359",".jpg","2026-04-18T09:46:19.3563790Z",
"diary-1832","directory",,"","2026-08-04T14:20:08.5258056Z",
"diary-1832/images","directory",,"","2026-09-10T17:15:22.2978598Z",
"diary-1832/images/img2982-note-at-front-of-diary.jpg","file","3479971",".jpg","2026-04-18T09:46:19.4608292Z",
"diary-1832/images/img3018-murder-of-nicholas-fairles.png","file","559740",".png","2026-04-18T09:46:19.5174321Z",
"diary-1832/images/Thumbs.db","file","19968",".db","2026-09-10T17:14:13.9680000Z",
"diary-1834","directory",,"","2026-08-04T14:20:14.4708901Z",
"diary-1834/images","directory",,"","2026-08-04T14:20:17.4739329Z",
"diary-1834/images/Benton-Park-House.jpg","file","171743",".jpg","2026-04-18T09:46:19.5732708Z",
"diary-1834/images/img2982-note-at-front-of-diary.jpg","file","3479971",".jpg","2023-12-31T23:20:51.6973694Z",
"diary-1834/images/img2994-burnhopeside-hall.jpg","file","385092",".jpg","2026-04-18T09:46:19.6532979Z",
