script/test,repository,current path,"deployed path, if any",active callers,historical references,current purpose,proposed classification,proposed final path,risk/notes
seed-local-files-root.bat,diaries,scripts/windows/0031-step10/seed-local-files-root.bat,,none found,none found in supplied source snapshots,0031 Step 10 one-time Files-root seeding tooling,ARCHIVE,change-control/complete/0031-FEAT - isolate mutable Files storage by database environment/evidence/tooling/windows/,completed 0031 migration/evidence/runtime harness
seed-local-files-root.ps1,diaries,scripts/windows/0031-step10/seed-local-files-root.ps1,,diaries:scripts/windows/0031-step10/seed-local-files-root.bat:4 [FEATURE-TOOL-CALLER]; diaries:scripts/windows/validation/verify-0031-step10.py:19 [TEST/VALIDATION-CALLER],none found in supplied source snapshots,0031 Step 10 one-time Files-root seeding tooling,ARCHIVE,change-control/complete/0031-FEAT - isolate mutable Files storage by database environment/evidence/tooling/windows/,completed 0031 migration/evidence/runtime harness; active references are within feature tooling/structural validation unless REFERENCE-MAP.md states otherwise and must be updated atomically during cleanup
capture-local-mode.bat,diaries,scripts/windows/0031-step11/capture-local-mode.bat,,diaries:scripts/windows/0031-step11/capture-local-mode.ps1:314 [FEATURE-TOOL-CALLER]; diaries:scripts/windows/validation/verify-0031-step11.py:44 [TEST/VALIDATION-CALLER],none found in supplied source snapshots,0031 Step 11 effective runtime-path evidence capture/comparison tooling,ARCHIVE,change-control/complete/0031-FEAT - isolate mutable Files storage by database environment/evidence/tooling/windows/,completed 0031 migration/evidence/runtime harness; active references are within feature tooling/structural validation unless REFERENCE-MAP.md states otherwise and must be updated atomically during cleanup
capture-local-mode.ps1,diaries,scripts/windows/0031-step11/capture-local-mode.ps1,,diaries:scripts/windows/0031-step11/capture-local-mode.bat:29 [FEATURE-TOOL-CALLER]; diaries:scripts/windows/validation/verify-0031-step11.py:45 [TEST/VALIDATION-CALLER]; diaries:scripts/windows/validation/verify-0031-step11.py:82 [TEST/VALIDATION-CALLER],none found in supplied source snapshots,0031 Step 11 effective runtime-path evidence capture/comparison tooling,ARCHIVE,change-control/complete/0031-FEAT - isolate mutable Files storage by database environment/evidence/tooling/windows/,completed 0031 migration/evidence/runtime harness; active references are within feature tooling/structural validation unless REFERENCE-MAP.md states otherwise and must be updated atomically during cleanup
compare-local-mode-evidence.ps1,diaries,scripts/windows/0031-step11/compare-local-mode-evidence.ps1,,diaries:scripts/windows/validation/verify-0031-step11.py:46 [TEST/VALIDATION-CALLER]; diaries:scripts/windows/validation/verify-0031-step11.py:82 [TEST/VALIDATION-CALLER],diaries:change-control/complete/0031-FEAT - isolate mutable Files storage by database environment/IMPLEMENTATION-STEPS.md:690,0031 Step 11 effective runtime-path evidence capture/comparison tooling,ARCHIVE,change-control/complete/0031-FEAT - isolate mutable Files storage by database environment/evidence/tooling/windows/,completed 0031 migration/evidence/runtime harness; active references are within feature tooling/structural validation unless REFERENCE-MAP.md states otherwise and must be updated atomically during cleanup
compare-step9-step12.py,diaries,scripts/windows/0031-step12/compare-step9-step12.py,,diaries:scripts/windows/0031-step12/reconcile-common-pair.ps1:77 [FEATURE-TOOL-CALLER],none found in supplied source snapshots,0031 Step 12 post-split reconciliation/comparison tooling,ARCHIVE,change-control/complete/0031-FEAT - isolate mutable Files storage by database environment/evidence/tooling/windows/,completed 0031 migration/evidence/runtime harness; active references are within feature tooling/structural validation unless REFERENCE-MAP.md states otherwise and must be updated atomically during cleanup
reconcile-common-pair.bat,diaries,scripts/windows/0031-step12/reconcile-common-pair.bat,,none found,none found in supplied source snapshots,0031 Step 12 post-split reconciliation/comparison tooling,ARCHIVE,change-control/complete/0031-FEAT - isolate mutable Files storage by database environment/evidence/tooling/windows/,completed 0031 migration/evidence/runtime harness
reconcile-common-pair.ps1,diaries,scripts/windows/0031-step12/reconcile-common-pair.ps1,,diaries:scripts/windows/0031-step12/reconcile-common-pair.bat:6 [FEATURE-TOOL-CALLER]; diaries:scripts/windows/0031-step12/reconcile-common-pair.bat:8 [FEATURE-TOOL-CALLER]; diaries:scripts/windows/validation/verify-0031-step16.py:100 [TEST/VALIDATION-CALLER],none found in supplied source snapshots,0031 Step 12 post-split reconciliation/comparison tooling,ARCHIVE,change-control/complete/0031-FEAT - isolate mutable Files storage by database environment/evidence/tooling/windows/,completed 0031 migration/evidence/runtime harness; active references are within feature tooling/structural validation unless REFERENCE-MAP.md states otherwise and must be updated atomically during cleanup
run-local-lifecycle.bat,diaries,scripts/windows/0031-step13/run-local-lifecycle.bat,,none found,diaries:change-control/complete/0031-FEAT - isolate mutable Files storage by database environment/IMPLEMENTATION-STEPS.md:769,0031 Step 13 controlled cross-dataset Image lifecycle evidence tooling,ARCHIVE,change-control/complete/0031-FEAT - isolate mutable Files storage by database environment/evidence/tooling/windows/,completed 0031 migration/evidence/runtime harness
run-local-lifecycle.ps1,diaries,scripts/windows/0031-step13/run-local-lifecycle.ps1,,diaries:scripts/windows/0031-step13/run-local-lifecycle.bat:3 [FEATURE-TOOL-CALLER]; diaries:scripts/windows/validation/verify-0031-step13.py:23 [TEST/VALIDATION-CALLER],none found in supplied source snapshots,0031 Step 13 controlled cross-dataset Image lifecycle evidence tooling,ARCHIVE,change-control/complete/0031-FEAT - isolate mutable Files storage by database environment/evidence/tooling/windows/,completed 0031 migration/evidence/runtime harness; active references are within feature tooling/structural validation unless REFERENCE-MAP.md states otherwise and must be updated atomically during cleanup
step13-rpc.cjs,diaries,scripts/windows/0031-step13/step13-rpc.cjs,,diaries:scripts/windows/0031-step13/run-local-lifecycle.ps1:253 [FEATURE-TOOL-CALLER]; diaries:scripts/windows/validation/verify-0031-step13.py:24 [TEST/VALIDATION-CALLER]; diaries:scripts/windows/validation/verify-0031-step13.py:59 [TEST/VALIDATION-CALLER],none found in supplied source snapshots,0031 Step 13 controlled cross-dataset Image lifecycle evidence tooling,ARCHIVE,change-control/complete/0031-FEAT - isolate mutable Files storage by database environment/evidence/tooling/windows/,completed 0031 migration/evidence/runtime harness; active references are within feature tooling/structural validation unless REFERENCE-MAP.md states otherwise and must be updated atomically during cleanup
rehearse-common-restore.bat,diaries,scripts/windows/0031-step16/rehearse-common-restore.bat,,diaries:scripts/windows/0031-step16/run-final-regression.ps1:319 [FEATURE-TOOL-CALLER]; diaries:scripts/windows/validation/verify-0031-step16.py:5 [TEST/VALIDATION-CALLER],none found in supplied source snapshots,0031 Step 16 final regression / rollback rehearsal harness,ARCHIVE,change-control/complete/0031-FEAT - isolate mutable Files storage by database environment/evidence/tooling/windows/,completed 0031 migration/evidence/runtime harness; active references are within feature tooling/structural validation unless REFERENCE-MAP.md states otherwise and must be updated atomically during cleanup
rehearse-common-restore.ps1,diaries,scripts/windows/0031-step16/rehearse-common-restore.ps1,,diaries:scripts/windows/0031-step16/rehearse-common-restore.bat:4 [FEATURE-TOOL-CALLER]; diaries:scripts/windows/0031-step16/run-final-regression.ps1:268 [FEATURE-TOOL-CALLER]; diaries:scripts/windows/validation/verify-0031-step16.py:124 [TEST/VALIDATION-CALLER],none found in supplied source snapshots,0031 Step 16 final regression / rollback rehearsal harness,ARCHIVE,change-control/complete/0031-FEAT - isolate mutable Files storage by database environment/evidence/tooling/windows/,completed 0031 migration/evidence/runtime harness; active references are within feature tooling/structural validation unless REFERENCE-MAP.md states otherwise and must be updated atomically during cleanup
run-final-regression.bat,diaries,scripts/windows/0031-step16/run-final-regression.bat,,diaries:scripts/windows/validation/verify-0031-step16.py:5 [TEST/VALIDATION-CALLER],none found in supplied source snapshots,0031 Step 16 final regression / rollback rehearsal harness,ARCHIVE,change-control/complete/0031-FEAT - isolate mutable Files storage by database environment/evidence/tooling/windows/,completed 0031 migration/evidence/runtime harness; active references are within feature tooling/structural validation unless REFERENCE-MAP.md states otherwise and must be updated atomically during cleanup
run-final-regression.ps1,diaries,scripts/windows/0031-step16/run-final-regression.ps1,,diaries:scripts/windows/0031-step16/run-final-regression.bat:4 [FEATURE-TOOL-CALLER]; diaries:scripts/windows/validation/verify-0031-step16.py:123 [TEST/VALIDATION-CALLER],none found in supplied source snapshots,0031 Step 16 final regression / rollback rehearsal harness,ARCHIVE,change-control/complete/0031-FEAT - isolate mutable Files storage by database environment/evidence/tooling/windows/,completed 0031 migration/evidence/runtime harness; active references are within feature tooling/structural validation unless REFERENCE-MAP.md states otherwise and must be updated atomically during cleanup
capture-local-database-backup.bat,diaries,scripts/windows/0031-step8/capture-local-database-backup.bat,,none found,none found in supplied source snapshots,0031 Step 8 write-freeze / pre-migration backup / shared Files snapshot tooling,ARCHIVE,change-control/complete/0031-FEAT - isolate mutable Files storage by database environment/evidence/tooling/windows/,completed 0031 migration/evidence/runtime harness
capture-local-database-backup.ps1,diaries,scripts/windows/0031-step8/capture-local-database-backup.ps1,,diaries:scripts/windows/0031-step8/capture-local-database-backup.bat:4 [FEATURE-TOOL-CALLER]; diaries:scripts/windows/validation/verify-0031-step8.py:22 [TEST/VALIDATION-CALLER],none found in supplied source snapshots,0031 Step 8 write-freeze / pre-migration backup / shared Files snapshot tooling,ARCHIVE,change-control/complete/0031-FEAT - isolate mutable Files storage by database environment/evidence/tooling/windows/,completed 0031 migration/evidence/runtime harness; active references are within feature tooling/structural validation unless REFERENCE-MAP.md states otherwise and must be updated atomically during cleanup
capture-shared-files-snapshot.bat,diaries,scripts/windows/0031-step8/capture-shared-files-snapshot.bat,,diaries:scripts/windows/0031-step8/capture-local-database-backup.ps1:210 [FEATURE-TOOL-CALLER],none found in supplied source snapshots,0031 Step 8 write-freeze / pre-migration backup / shared Files snapshot tooling,ARCHIVE,change-control/complete/0031-FEAT - isolate mutable Files storage by database environment/evidence/tooling/windows/,completed 0031 migration/evidence/runtime harness; active references are within feature tooling/structural validation unless REFERENCE-MAP.md states otherwise and must be updated atomically during cleanup
capture-shared-files-snapshot.ps1,diaries,scripts/windows/0031-step8/capture-shared-files-snapshot.ps1,,diaries:scripts/windows/0031-step8/capture-shared-files-snapshot.bat:4 [FEATURE-TOOL-CALLER]; diaries:scripts/windows/validation/verify-0031-step8.py:23 [TEST/VALIDATION-CALLER],none found in supplied source snapshots,0031 Step 8 write-freeze / pre-migration backup / shared Files snapshot tooling,ARCHIVE,change-control/complete/0031-FEAT - isolate mutable Files storage by database environment/evidence/tooling/windows/,completed 0031 migration/evidence/runtime harness; active references are within feature tooling/structural validation unless REFERENCE-MAP.md states otherwise and must be updated atomically during cleanup
freeze-local-writes.bat,diaries,scripts/windows/0031-step8/freeze-local-writes.bat,,diaries:scripts/windows/0031-step8/capture-local-database-backup.ps1:84 [FEATURE-TOOL-CALLER]; diaries:scripts/windows/0031-step8/capture-shared-files-snapshot.ps1:70 [FEATURE-TOOL-CALLER]; diaries:scripts/windows/0031-step8/capture-shared-files-snapshot.ps1:73 [FEATURE-TOOL-CALLER],none found in supplied source snapshots,0031 Step 8 write-freeze / pre-migration backup / shared Files snapshot tooling,ARCHIVE,change-control/complete/0031-FEAT - isolate mutable Files storage by database environment/evidence/tooling/windows/,completed 0031 migration/evidence/runtime harness; active references are within feature tooling/structural validation unless REFERENCE-MAP.md states otherwise and must be updated atomically during cleanup
freeze-local-writes.ps1,diaries,scripts/windows/0031-step8/freeze-local-writes.ps1,,diaries:scripts/windows/0031-step8/freeze-local-writes.bat:4 [FEATURE-TOOL-CALLER]; diaries:scripts/windows/validation/verify-0031-step8.py:21 [TEST/VALIDATION-CALLER],none found in supplied source snapshots,0031 Step 8 write-freeze / pre-migration backup / shared Files snapshot tooling,ARCHIVE,change-control/complete/0031-FEAT - isolate mutable Files storage by database environment/evidence/tooling/windows/,completed 0031 migration/evidence/runtime harness; active references are within feature tooling/structural validation unless REFERENCE-MAP.md states otherwise and must be updated atomically during cleanup
reconcile-local-shared-files.bat,diaries,scripts/windows/0031-step9/reconcile-local-shared-files.bat,,none found,none found in supplied source snapshots,0031 Step 9 read-only reconciliation against pre-split shared Files,ARCHIVE,change-control/complete/0031-FEAT - isolate mutable Files storage by database environment/evidence/tooling/windows/,completed 0031 migration/evidence/runtime harness
reconcile-local-shared-files.ps1,diaries,scripts/windows/0031-step9/reconcile-local-shared-files.ps1,,diaries:scripts/windows/0031-step9/reconcile-local-shared-files.bat:8 [FEATURE-TOOL-CALLER]; diaries:scripts/windows/validation/verify-0031-step16.py:96 [TEST/VALIDATION-CALLER]; diaries:scripts/windows/validation/verify-0031-step9.py:17 [TEST/VALIDATION-CALLER],none found in supplied source snapshots,0031 Step 9 read-only reconciliation against pre-split shared Files,ARCHIVE,change-control/complete/0031-FEAT - isolate mutable Files storage by database environment/evidence/tooling/windows/,completed 0031 migration/evidence/runtime harness; active references are within feature tooling/structural validation unless REFERENCE-MAP.md states otherwise and must be updated atomically during cleanup
step13-image-http.cjs,diaries,scripts/windows/validation/step13-image-http.cjs,,diaries:scripts/windows/validation/smoke-imagefragment-reader.cjs:13 [TEST/VALIDATION-CALLER]; diaries:scripts/windows/validation/step13-image-http.test.cjs:5 [TEST/VALIDATION-CALLER],none found in supplied source snapshots,Image byte/path diagnostics used by current ImageFragment smoke runner,PROMOTE/RENAME,scripts/windows/validation/<feature-neutral-name>,contains current behavioural regression coverage or is imported by a current generic smoke runner; current smoke-imagefragment-reader.cjs consumer blocks simple archival
step13-image-http.test.cjs,diaries,scripts/windows/validation/step13-image-http.test.cjs,,diaries:scripts/windows/validation/verify-0026-step13.ps1:73 [TEST/VALIDATION-CALLER]; diaries:scripts/windows/validation/verify-0026-step14.py:272 [TEST/VALIDATION-CALLER],none found in supplied source snapshots,focused regression tests for corresponding ImageFragment smoke helper,PROMOTE/RENAME,scripts/windows/validation/<feature-neutral-name>,contains current behavioural regression coverage or is imported by a current generic smoke runner; current smoke-imagefragment-reader.cjs consumer blocks simple archival
step13-proxy-routing.cjs,diaries,scripts/windows/validation/step13-proxy-routing.cjs,,diaries:scripts/windows/validation/smoke-imagefragment-reader.cjs:14 [TEST/VALIDATION-CALLER]; diaries:scripts/windows/validation/step13-proxy-routing.test.cjs:5 [TEST/VALIDATION-CALLER],none found in supplied source snapshots,mutable local proxy helper used by current ImageFragment smoke runner,PROMOTE/RENAME,scripts/windows/validation/<feature-neutral-name>,contains current behavioural regression coverage or is imported by a current generic smoke runner; current smoke-imagefragment-reader.cjs consumer blocks simple archival
step13-proxy-routing.test.cjs,diaries,scripts/windows/validation/step13-proxy-routing.test.cjs,,diaries:scripts/windows/validation/verify-0026-step13.ps1:77 [TEST/VALIDATION-CALLER]; diaries:scripts/windows/validation/verify-0026-step14.py:272 [TEST/VALIDATION-CALLER],none found in supplied source snapshots,focused regression tests for corresponding ImageFragment smoke helper,PROMOTE/RENAME,scripts/windows/validation/<feature-neutral-name>,contains current behavioural regression coverage or is imported by a current generic smoke runner; current smoke-imagefragment-reader.cjs consumer blocks simple archival
step13-retained-snapshot.cjs,diaries,scripts/windows/validation/step13-retained-snapshot.cjs,,diaries:scripts/windows/validation/smoke-imagefragment-reader.cjs:12 [TEST/VALIDATION-CALLER]; diaries:scripts/windows/validation/step13-retained-snapshot.test.cjs:7 [TEST/VALIDATION-CALLER],none found in supplied source snapshots,retained MQTT snapshot helper used by current ImageFragment smoke runner,PROMOTE/RENAME,scripts/windows/validation/<feature-neutral-name>,contains current behavioural regression coverage or is imported by a current generic smoke runner; current smoke-imagefragment-reader.cjs consumer blocks simple archival
step13-retained-snapshot.test.cjs,diaries,scripts/windows/validation/step13-retained-snapshot.test.cjs,,diaries:scripts/windows/validation/verify-0026-step13.ps1:69 [TEST/VALIDATION-CALLER]; diaries:scripts/windows/validation/verify-0026-step14.py:272 [TEST/VALIDATION-CALLER],none found in supplied source snapshots,focused regression tests for corresponding ImageFragment smoke helper,PROMOTE/RENAME,scripts/windows/validation/<feature-neutral-name>,contains current behavioural regression coverage or is imported by a current generic smoke runner; current smoke-imagefragment-reader.cjs consumer blocks simple archival
test-verify-0026-step14.py,diaries,scripts/windows/validation/test-verify-0026-step14.py,,none found,none found in supplied source snapshots,0026 Step 14 full regression/artifact-verifier tooling,ARCHIVE,completed feature evidence/tooling archive,primarily validates completed-feature step tooling/evidence rather than a stable behaviour contract
verify-0026-step13.ps1,diaries,scripts/windows/validation/verify-0026-step13.ps1,,diaries:scripts/windows/validation/verify-0026-step14.py:335 [TEST/VALIDATION-CALLER],none found in supplied source snapshots,disposable cross-component ImageFragment reader verification wrapper,PROMOTE/RENAME,scripts/windows/validation/<feature-neutral-name>,contains current behavioural regression coverage or is imported by a current generic smoke runner
verify-0026-step14.ps1,diaries,scripts/windows/validation/verify-0026-step14.ps1,,diaries:scripts/windows/validation/verify-0026-step14.py:4 [TEST/VALIDATION-CALLER],none found in supplied source snapshots,0026 Step 14 full regression/artifact-verifier tooling,ARCHIVE,completed feature evidence/tooling archive,primarily validates completed-feature step tooling/evidence rather than a stable behaviour contract; active references are within feature tooling/structural validation unless REFERENCE-MAP.md states otherwise and must be updated atomically during cleanup
verify-0026-step14.py,diaries,scripts/windows/validation/verify-0026-step14.py,,diaries:scripts/windows/validation/test-verify-0026-step14.py:9 [TEST/VALIDATION-CALLER]; diaries:scripts/windows/validation/verify-0026-step14.ps1:15 [TEST/VALIDATION-CALLER],none found in supplied source snapshots,0026 Step 14 full regression/artifact-verifier tooling,ARCHIVE,completed feature evidence/tooling archive,primarily validates completed-feature step tooling/evidence rather than a stable behaviour contract; active references are within feature tooling/structural validation unless REFERENCE-MAP.md states otherwise and must be updated atomically during cleanup
verify-0031-step10.py,diaries,scripts/windows/validation/verify-0031-step10.py,,diaries:scripts/windows/0031-step16/run-final-regression.ps1:169 [FEATURE-TOOL-CALLER],none found in supplied source snapshots,structural verification of 0031 Step 10 seeding tooling,ARCHIVE,completed feature evidence/tooling archive,primarily validates completed-feature step tooling/evidence rather than a stable behaviour contract; active references are within feature tooling/structural validation unless REFERENCE-MAP.md states otherwise and must be updated atomically during cleanup
verify-0031-step11.py,diaries,scripts/windows/validation/verify-0031-step11.py,,diaries:scripts/windows/0031-step16/run-final-regression.ps1:170 [FEATURE-TOOL-CALLER],none found in supplied source snapshots,mixed current diagnostics checks and 0031 Step 11 evidence-tooling checks,PROMOTE/RENAME,scripts/windows/validation/<feature-neutral-name>,contains current behavioural regression coverage or is imported by a current generic smoke runner
verify-0031-step13.py,diaries,scripts/windows/validation/verify-0031-step13.py,,diaries:scripts/windows/0031-step16/run-final-regression.ps1:171 [FEATURE-TOOL-CALLER]; diaries:scripts/windows/0031-step16/run-final-regression.ps1:187 [FEATURE-TOOL-CALLER],none found in supplied source snapshots,structural verification of 0031 Step 13 lifecycle tooling,ARCHIVE,completed feature evidence/tooling archive,primarily validates completed-feature step tooling/evidence rather than a stable behaviour contract; active references are within feature tooling/structural validation unless REFERENCE-MAP.md states otherwise and must be updated atomically during cleanup
verify-0031-step16.py,diaries,scripts/windows/validation/verify-0031-step16.py,,diaries:scripts/windows/0031-step16/run-final-regression.ps1:172 [FEATURE-TOOL-CALLER]; diaries:scripts/windows/0031-step16/run-final-regression.ps1:269 [FEATURE-TOOL-CALLER],none found in supplied source snapshots,0031 final release-candidate gate tied to Step 16 tooling/evidence,PROMOTE/RENAME,scripts/windows/validation/<feature-neutral-name>,contains current behavioural regression coverage or is imported by a current generic smoke runner
verify-0031-step3.py,diaries,scripts/windows/validation/verify-0031-step3.py,,diaries:scripts/windows/0031-step16/run-final-regression.ps1:163 [FEATURE-TOOL-CALLER],diaries:change-control/complete/0031-FEAT - isolate mutable Files storage by database environment/IMPLEMENTATION-STEPS.md:310; diaries:change-control/complete/0031-FEAT - isolate mutable Files storage by database environment/README.md:27,local database/Files selector and Compose mount contract,PROMOTE/RENAME,scripts/windows/validation/<feature-neutral-name>,contains current behavioural regression coverage or is imported by a current generic smoke runner
verify-0031-step4-runtime.bat,diaries,scripts/windows/validation/verify-0031-step4-runtime.bat,,diaries:scripts/windows/validation/verify-0031-step4.py:28 [TEST/VALIDATION-CALLER],diaries:change-control/complete/0031-FEAT - isolate mutable Files storage by database environment/IMPLEMENTATION-STEPS.md:376,runtime check for generated responder config and stable public URL,PROMOTE/RENAME,scripts/windows/validation/<feature-neutral-name>,contains current behavioural regression coverage or is imported by a current generic smoke runner
verify-0031-step4.py,diaries,scripts/windows/validation/verify-0031-step4.py,,diaries:scripts/windows/0031-step16/run-final-regression.ps1:164 [FEATURE-TOOL-CALLER],diaries:change-control/complete/0031-FEAT - isolate mutable Files storage by database environment/IMPLEMENTATION-STEPS.md:376,direct Windows generated responder configuration and stable /files contract,PROMOTE/RENAME,scripts/windows/validation/<feature-neutral-name>,contains current behavioural regression coverage or is imported by a current generic smoke runner
verify-0031-step6.ps1,diaries,scripts/windows/validation/verify-0031-step6.ps1,,diaries:scripts/windows/validation/verify-0031-step6.py:4 [TEST/VALIDATION-CALLER]; diaries:scripts/windows/validation/verify-0031-step6.py:130 [TEST/VALIDATION-CALLER],diaries:change-control/complete/0031-FEAT - isolate mutable Files storage by database environment/IMPLEMENTATION-STEPS.md:473,Windows execution coverage for dataset-pair guard positive/negative cases,PROMOTE/RENAME,scripts/windows/validation/<feature-neutral-name>,contains current behavioural regression coverage or is imported by a current generic smoke runner
verify-0031-step6.py,diaries,scripts/windows/validation/verify-0031-step6.py,,diaries:scripts/windows/0031-step16/run-final-regression.ps1:165 [FEATURE-TOOL-CALLER],diaries:change-control/complete/0031-FEAT - isolate mutable Files storage by database environment/IMPLEMENTATION-STEPS.md:473,portable local storage-isolation and dataset-pair guard regression,PROMOTE/RENAME,scripts/windows/validation/<feature-neutral-name>,contains current behavioural regression coverage or is imported by a current generic smoke runner
verify-0031-step7.py,diaries,scripts/windows/validation/verify-0031-step7.py,,diaries:scripts/windows/0031-step16/run-final-regression.ps1:166 [FEATURE-TOOL-CALLER],none found in supplied source snapshots,local database-only backup/restore pairing and manifest semantics,PROMOTE/RENAME,scripts/windows/validation/<feature-neutral-name>,contains current behavioural regression coverage or is imported by a current generic smoke runner
verify-0031-step8.py,diaries,scripts/windows/validation/verify-0031-step8.py,,diaries:scripts/windows/0031-step16/run-final-regression.ps1:167 [FEATURE-TOOL-CALLER]; diaries:scripts/windows/0031-step16/run-final-regression.ps1:185 [FEATURE-TOOL-CALLER],none found in supplied source snapshots,structural verification of 0031 Step 8 migration tooling,ARCHIVE,completed feature evidence/tooling archive,primarily validates completed-feature step tooling/evidence rather than a stable behaviour contract; active references are within feature tooling/structural validation unless REFERENCE-MAP.md states otherwise and must be updated atomically during cleanup
verify-0031-step9.py,diaries,scripts/windows/validation/verify-0031-step9.py,,diaries:scripts/windows/0031-step16/run-final-regression.ps1:168 [FEATURE-TOOL-CALLER]; diaries:scripts/windows/0031-step16/run-final-regression.ps1:186 [FEATURE-TOOL-CALLER],none found in supplied source snapshots,structural verification of 0031 Step 9 reconciliation tooling,ARCHIVE,completed feature evidence/tooling archive,primarily validates completed-feature step tooling/evidence rather than a stable behaviour contract; active references are within feature tooling/structural validation unless REFERENCE-MAP.md states otherwise and must be updated atomically during cleanup
migration0024ImageCatalogue.sh,playbooks,roles/diaries/files/sync/scripts/migration0024ImageCatalogue.sh,/home/richard/projects/diaries/scripts/migration0024ImageCatalogue.sh,diaries:diaries-responder/scripts/files/migration0024ImageCatalogue.sh:6 [ACTIVE-CODE-CALLER]; diaries:diaries-responder/scripts/files/migration0024ImageCatalogue.sh:13 [ACTIVE-CODE-CALLER]; diaries:diaries-responder/scripts/files/migration0024ImageCatalogue.sh:14 [ACTIVE-CODE-CALLER]; playbooks:roles/diaries/tasks/copy.yaml:36 [DIRECTORY-DEPLOYMENT-CALLER]; playbooks:roles/diaries/tasks/main.yaml:36 [DIRECTORY-DEPLOYMENT-CALLER]; playbooks:roles/diaries/files/sync/scripts/step12-reconcile-production.sh:28 [FEATURE-TOOL-CALLER]; playbooks:roles/diaries/tests/verify-0031-step14.py:60 [TEST/VALIDATION-CALLER],none found in supplied source snapshots,production wrapper for Image catalogue migration/reconciliation JavaExec,PENDING,TBD in Step 2,explicit 0024 migration-vs-supported-administration decision required by 0032 Step 2
step12-compare-reconciliation.py,playbooks,roles/diaries/files/sync/scripts/step12-compare-reconciliation.py,/home/richard/projects/diaries/scripts/step12-compare-reconciliation.py,playbooks:roles/diaries/tasks/copy.yaml:36 [DIRECTORY-DEPLOYMENT-CALLER]; playbooks:roles/diaries/tasks/main.yaml:36 [DIRECTORY-DEPLOYMENT-CALLER]; playbooks:roles/diaries/files/sync/scripts/step12-reconcile-production.sh:29 [FEATURE-TOOL-CALLER],none found in supplied source snapshots,feature/step-specific verification tooling,ARCHIVE,change-control/complete/0031-FEAT - isolate mutable Files storage by database environment/evidence/tooling/production/,completed 0031 production migration/reconciliation/deployment helper; active references are within feature tooling/structural validation unless REFERENCE-MAP.md states otherwise and must be updated atomically during cleanup
step12-reconcile-production.sh,playbooks,roles/diaries/files/sync/scripts/step12-reconcile-production.sh,/home/richard/projects/diaries/scripts/step12-reconcile-production.sh,playbooks:roles/diaries/tasks/copy.yaml:36 [DIRECTORY-DEPLOYMENT-CALLER]; playbooks:roles/diaries/tasks/main.yaml:36 [DIRECTORY-DEPLOYMENT-CALLER]; playbooks:roles/diaries/files/sync/scripts/step14-production-deployment.sh:50 [FEATURE-TOOL-CALLER]; playbooks:roles/diaries/tests/verify-0031-step14.py:55 [TEST/VALIDATION-CALLER],none found in supplied source snapshots,feature/step-specific verification tooling,ARCHIVE,change-control/complete/0031-FEAT - isolate mutable Files storage by database environment/evidence/tooling/production/,completed 0031 production migration/reconciliation/deployment helper; active references are within feature tooling/structural validation unless REFERENCE-MAP.md states otherwise and must be updated atomically during cleanup
step13-capture-production-control.sh,playbooks,roles/diaries/files/sync/scripts/step13-capture-production-control.sh,/home/richard/projects/diaries/scripts/step13-capture-production-control.sh,playbooks:roles/diaries/tasks/copy.yaml:36 [DIRECTORY-DEPLOYMENT-CALLER]; playbooks:roles/diaries/tasks/main.yaml:36 [DIRECTORY-DEPLOYMENT-CALLER]; playbooks:roles/diaries/tests/verify-0031-step13.py:7 [TEST/VALIDATION-CALLER]; playbooks:roles/diaries/tests/verify-0031-step13.py:33 [TEST/VALIDATION-CALLER],diaries:change-control/complete/0031-FEAT - isolate mutable Files storage by database environment/IMPLEMENTATION-STEPS.md:769,feature/step-specific verification tooling,ARCHIVE,change-control/complete/0031-FEAT - isolate mutable Files storage by database environment/evidence/tooling/production/,completed 0031 production migration/reconciliation/deployment helper; active references are within feature tooling/structural validation unless REFERENCE-MAP.md states otherwise and must be updated atomically during cleanup
step14-production-deployment.sh,playbooks,roles/diaries/files/sync/scripts/step14-production-deployment.sh,/home/richard/projects/diaries/scripts/step14-production-deployment.sh,playbooks:roles/diaries/tasks/copy.yaml:36 [DIRECTORY-DEPLOYMENT-CALLER]; playbooks:roles/diaries/tasks/main.yaml:36 [DIRECTORY-DEPLOYMENT-CALLER]; playbooks:roles/diaries/tests/verify-0031-step14.py:7 [TEST/VALIDATION-CALLER]; playbooks:roles/diaries/tests/verify-0031-step14.py:66 [TEST/VALIDATION-CALLER],none found in supplied source snapshots,feature/step-specific verification tooling,ARCHIVE,change-control/complete/0031-FEAT - isolate mutable Files storage by database environment/evidence/tooling/production/,"completed 0031 production migration/reconciliation/deployment helper; active references are within feature tooling/structural validation unless REFERENCE-MAP.md states otherwise and must be updated atomically during cleanup; calls step12-reconcile-production.sh, so these historical helpers form one dependency cluster"
step8-capture-production-database-backup.sh,playbooks,roles/diaries/files/sync/scripts/step8-capture-production-database-backup.sh,/home/richard/projects/diaries/scripts/step8-capture-production-database-backup.sh,playbooks:roles/diaries/tasks/copy.yaml:36 [DIRECTORY-DEPLOYMENT-CALLER]; playbooks:roles/diaries/tasks/main.yaml:36 [DIRECTORY-DEPLOYMENT-CALLER]; playbooks:roles/diaries/tests/verify-0031-step8.py:19 [TEST/VALIDATION-CALLER],none found in supplied source snapshots,feature/step-specific verification tooling,ARCHIVE,change-control/complete/0031-FEAT - isolate mutable Files storage by database environment/evidence/tooling/production/,completed 0031 production migration/reconciliation/deployment helper; active references are within feature tooling/structural validation unless REFERENCE-MAP.md states otherwise and must be updated atomically during cleanup
step8-freeze-writes.sh,playbooks,roles/diaries/files/sync/scripts/step8-freeze-writes.sh,/home/richard/projects/diaries/scripts/step8-freeze-writes.sh,playbooks:roles/diaries/tasks/copy.yaml:36 [DIRECTORY-DEPLOYMENT-CALLER]; playbooks:roles/diaries/tasks/main.yaml:36 [DIRECTORY-DEPLOYMENT-CALLER]; diaries:scripts/windows/0031-step8/capture-shared-files-snapshot.ps1:102 [FEATURE-TOOL-CALLER]; playbooks:roles/diaries/files/sync/scripts/step8-capture-production-database-backup.sh:47 [FEATURE-TOOL-CALLER]; playbooks:roles/diaries/tests/verify-0031-step8.py:18 [TEST/VALIDATION-CALLER]; playbooks:roles/diaries/tests/verify-0031-step8.py:29 [TEST/VALIDATION-CALLER],none found in supplied source snapshots,feature/step-specific verification tooling,ARCHIVE,change-control/complete/0031-FEAT - isolate mutable Files storage by database environment/evidence/tooling/production/,completed 0031 production migration/reconciliation/deployment helper; active references are within feature tooling/structural validation unless REFERENCE-MAP.md states otherwise and must be updated atomically during cleanup
step9-reconcile-production.sh,playbooks,roles/diaries/files/sync/scripts/step9-reconcile-production.sh,/home/richard/projects/diaries/scripts/step9-reconcile-production.sh,playbooks:roles/diaries/tasks/copy.yaml:36 [DIRECTORY-DEPLOYMENT-CALLER]; playbooks:roles/diaries/tasks/main.yaml:36 [DIRECTORY-DEPLOYMENT-CALLER]; playbooks:roles/diaries/tests/verify-0031-step9.py:16 [TEST/VALIDATION-CALLER],none found in supplied source snapshots,feature/step-specific verification tooling,ARCHIVE,change-control/complete/0031-FEAT - isolate mutable Files storage by database environment/evidence/tooling/production/,completed 0031 production migration/reconciliation/deployment helper; active references are within feature tooling/structural validation unless REFERENCE-MAP.md states otherwise and must be updated atomically during cleanup
verify-0031-backup-semantics.py,playbooks,roles/diaries/tests/verify-0031-backup-semantics.py,,diaries:scripts/windows/0031-step16/run-final-regression.ps1:184 [FEATURE-TOOL-CALLER],none found in supplied source snapshots,production database-only backup/restore pairing and manifest semantics,PROMOTE/RENAME,roles/diaries/tests/<feature-neutral-name>,protects current production backup/storage-isolation behaviour
verify-0031-step13.py,playbooks,roles/diaries/tests/verify-0031-step13.py,,diaries:scripts/windows/0031-step16/run-final-regression.ps1:171 [FEATURE-TOOL-CALLER]; diaries:scripts/windows/0031-step16/run-final-regression.ps1:187 [FEATURE-TOOL-CALLER],none found in supplied source snapshots,structural verification of 0031 Step 13 lifecycle tooling,ARCHIVE,completed 0031 evidence/tooling archive,primarily validates completed 0031 feature-step tooling; active references are within feature tooling/structural validation unless REFERENCE-MAP.md states otherwise and must be updated atomically during cleanup
verify-0031-step14.py,playbooks,roles/diaries/tests/verify-0031-step14.py,,diaries:scripts/windows/0031-step16/run-final-regression.ps1:149 [FEATURE-TOOL-CALLER]; diaries:scripts/windows/0031-step16/run-final-regression.ps1:188 [FEATURE-TOOL-CALLER]; diaries:scripts/windows/0031-step16/run-final-regression.ps1:286 [FEATURE-TOOL-CALLER]; diaries:scripts/windows/validation/verify-0031-step16.py:125 [TEST/VALIDATION-CALLER]; playbooks:roles/diaries/tests/verify-0031-step16.py:50 [TEST/VALIDATION-CALLER],none found in supplied source snapshots,Step 14 deployment helper plus current retained-snapshot broker/config policy assertions,PROMOTE/RENAME,roles/diaries/tests/<feature-neutral-name> plus archive,mixed: historical Step 14 checks plus current broker/config assertions; split/promote permanent assertions before archiving historical remainder
verify-0031-step16.py,playbooks,roles/diaries/tests/verify-0031-step16.py,,diaries:scripts/windows/0031-step16/run-final-regression.ps1:172 [FEATURE-TOOL-CALLER]; diaries:scripts/windows/0031-step16/run-final-regression.ps1:269 [FEATURE-TOOL-CALLER]; diaries:scripts/windows/validation/verify-0031-step16.py:125 [TEST/VALIDATION-CALLER],none found in supplied source snapshots,0031 final release-candidate gate tied to Step 16 tooling/evidence,PROMOTE/RENAME,roles/diaries/tests/<feature-neutral-name>,protects current production backup/storage-isolation behaviour
verify-0031-step8.py,playbooks,roles/diaries/tests/verify-0031-step8.py,,diaries:scripts/windows/0031-step16/run-final-regression.ps1:167 [FEATURE-TOOL-CALLER]; diaries:scripts/windows/0031-step16/run-final-regression.ps1:185 [FEATURE-TOOL-CALLER],none found in supplied source snapshots,structural verification of 0031 Step 8 migration tooling,ARCHIVE,completed 0031 evidence/tooling archive,primarily validates completed 0031 feature-step tooling; active references are within feature tooling/structural validation unless REFERENCE-MAP.md states otherwise and must be updated atomically during cleanup
verify-0031-step9.py,playbooks,roles/diaries/tests/verify-0031-step9.py,,diaries:scripts/windows/0031-step16/run-final-regression.ps1:168 [FEATURE-TOOL-CALLER]; diaries:scripts/windows/0031-step16/run-final-regression.ps1:186 [FEATURE-TOOL-CALLER],none found in supplied source snapshots,structural verification of 0031 Step 9 reconciliation tooling,ARCHIVE,completed 0031 evidence/tooling archive,primarily validates completed 0031 feature-step tooling; active references are within feature tooling/structural validation unless REFERENCE-MAP.md states otherwise and must be updated atomically during cleanup
verify-0031-storage-isolation.py,playbooks,roles/diaries/tests/verify-0031-storage-isolation.py,,diaries:scripts/windows/0031-step16/run-final-regression.ps1:183 [FEATURE-TOOL-CALLER]; diaries:scripts/windows/0031-step16/run-final-regression.ps1:285 [FEATURE-TOOL-CALLER]; playbooks:roles/diaries/tests/verify-0031-step16.py:51 [TEST/VALIDATION-CALLER],diaries:change-control/complete/0031-FEAT - isolate mutable Files storage by database environment/IMPLEMENTATION-STEPS.md:473,production explicit Files selector/storage-isolation contract,PROMOTE/RENAME,roles/diaries/tests/<feature-neutral-name>,protects current production backup/storage-isolation behaviour
