repository,current path,"deployed path, if any",current purpose,active callers,Step 1 provisional classification,final classification,final live path,archive path,decision rationale,required implementation action
diaries,scripts/windows/0031-step10/seed-local-files-root.bat,,0031 Step 10 one-time Files-root seeding tooling,none found,ARCHIVE,ARCHIVE,,change-control/complete/0031-FEAT - isolate mutable Files storage by database environment/evidence/tooling/windows/step10/seed-local-files-root.bat,Completed-feature migration/evidence/structural verification tooling; retain historically but remove from live operator/regression locations.,Copy byte-identical source into the frozen archive path before deleting it from the live path; update any historical/live callers as prescribed by the reference map.
diaries,scripts/windows/0031-step10/seed-local-files-root.ps1,,0031 Step 10 one-time Files-root seeding tooling,diaries:scripts/windows/0031-step10/seed-local-files-root.bat:4 [FEATURE-TOOL-CALLER]; diaries:scripts/windows/validation/verify-0031-step10.py:19 [TEST/VALIDATION-CALLER],ARCHIVE,ARCHIVE,,change-control/complete/0031-FEAT - isolate mutable Files storage by database environment/evidence/tooling/windows/step10/seed-local-files-root.ps1,Completed-feature migration/evidence/structural verification tooling; retain historically but remove from live operator/regression locations.,Copy byte-identical source into the frozen archive path before deleting it from the live path; update any historical/live callers as prescribed by the reference map.
diaries,scripts/windows/0031-step11/capture-local-mode.bat,,0031 Step 11 effective runtime-path evidence capture/comparison tooling,diaries:scripts/windows/0031-step11/capture-local-mode.ps1:314 [FEATURE-TOOL-CALLER]; diaries:scripts/windows/validation/verify-0031-step11.py:44 [TEST/VALIDATION-CALLER],ARCHIVE,ARCHIVE,,change-control/complete/0031-FEAT - isolate mutable Files storage by database environment/evidence/tooling/windows/step11/capture-local-mode.bat,Completed-feature migration/evidence/structural verification tooling; retain historically but remove from live operator/regression locations.,Copy byte-identical source into the frozen archive path before deleting it from the live path; update any historical/live callers as prescribed by the reference map.
diaries,scripts/windows/0031-step11/capture-local-mode.ps1,,0031 Step 11 effective runtime-path evidence capture/comparison tooling,diaries:scripts/windows/0031-step11/capture-local-mode.bat:29 [FEATURE-TOOL-CALLER]; diaries:scripts/windows/validation/verify-0031-step11.py:45 [TEST/VALIDATION-CALLER]; diaries:scripts/windows/validation/verify-0031-step11.py:82 [TEST/VALIDATION-CALLER],ARCHIVE,ARCHIVE,,change-control/complete/0031-FEAT - isolate mutable Files storage by database environment/evidence/tooling/windows/step11/capture-local-mode.ps1,Completed-feature migration/evidence/structural verification tooling; retain historically but remove from live operator/regression locations.,Copy byte-identical source into the frozen archive path before deleting it from the live path; update any historical/live callers as prescribed by the reference map.
diaries,scripts/windows/0031-step11/compare-local-mode-evidence.ps1,,0031 Step 11 effective runtime-path evidence capture/comparison tooling,diaries:scripts/windows/validation/verify-0031-step11.py:46 [TEST/VALIDATION-CALLER]; diaries:scripts/windows/validation/verify-0031-step11.py:82 [TEST/VALIDATION-CALLER],ARCHIVE,ARCHIVE,,change-control/complete/0031-FEAT - isolate mutable Files storage by database environment/evidence/tooling/windows/step11/compare-local-mode-evidence.ps1,Completed-feature migration/evidence/structural verification tooling; retain historically but remove from live operator/regression locations.,Copy byte-identical source into the frozen archive path before deleting it from the live path; update any historical/live callers as prescribed by the reference map.
diaries,scripts/windows/0031-step12/compare-step9-step12.py,,0031 Step 12 post-split reconciliation/comparison tooling,diaries:scripts/windows/0031-step12/reconcile-common-pair.ps1:77 [FEATURE-TOOL-CALLER],ARCHIVE,ARCHIVE,,change-control/complete/0031-FEAT - isolate mutable Files storage by database environment/evidence/tooling/windows/step12/compare-step9-step12.py,Completed-feature migration/evidence/structural verification tooling; retain historically but remove from live operator/regression locations.,Copy byte-identical source into the frozen archive path before deleting it from the live path; update any historical/live callers as prescribed by the reference map.
diaries,scripts/windows/0031-step12/reconcile-common-pair.bat,,0031 Step 12 post-split reconciliation/comparison tooling,none found,ARCHIVE,ARCHIVE,,change-control/complete/0031-FEAT - isolate mutable Files storage by database environment/evidence/tooling/windows/step12/reconcile-common-pair.bat,Completed-feature migration/evidence/structural verification tooling; retain historically but remove from live operator/regression locations.,Copy byte-identical source into the frozen archive path before deleting it from the live path; update any historical/live callers as prescribed by the reference map.
diaries,scripts/windows/0031-step12/reconcile-common-pair.ps1,,0031 Step 12 post-split reconciliation/comparison tooling,diaries:scripts/windows/0031-step12/reconcile-common-pair.bat:6 [FEATURE-TOOL-CALLER]; diaries:scripts/windows/0031-step12/reconcile-common-pair.bat:8 [FEATURE-TOOL-CALLER]; diaries:scripts/windows/validation/verify-0031-step16.py:100 [TEST/VALIDATION-CALLER],ARCHIVE,ARCHIVE,,change-control/complete/0031-FEAT - isolate mutable Files storage by database environment/evidence/tooling/windows/step12/reconcile-common-pair.ps1,Completed-feature migration/evidence/structural verification tooling; retain historically but remove from live operator/regression locations.,Copy byte-identical source into the frozen archive path before deleting it from the live path; update any historical/live callers as prescribed by the reference map.
diaries,scripts/windows/0031-step13/run-local-lifecycle.bat,,0031 Step 13 controlled cross-dataset Image lifecycle evidence tooling,none found,ARCHIVE,ARCHIVE,,change-control/complete/0031-FEAT - isolate mutable Files storage by database environment/evidence/tooling/windows/step13/run-local-lifecycle.bat,Completed-feature migration/evidence/structural verification tooling; retain historically but remove from live operator/regression locations.,Copy byte-identical source into the frozen archive path before deleting it from the live path; update any historical/live callers as prescribed by the reference map.
diaries,scripts/windows/0031-step13/run-local-lifecycle.ps1,,0031 Step 13 controlled cross-dataset Image lifecycle evidence tooling,diaries:scripts/windows/0031-step13/run-local-lifecycle.bat:3 [FEATURE-TOOL-CALLER]; diaries:scripts/windows/validation/verify-0031-step13.py:23 [TEST/VALIDATION-CALLER],ARCHIVE,ARCHIVE,,change-control/complete/0031-FEAT - isolate mutable Files storage by database environment/evidence/tooling/windows/step13/run-local-lifecycle.ps1,Completed-feature migration/evidence/structural verification tooling; retain historically but remove from live operator/regression locations.,Copy byte-identical source into the frozen archive path before deleting it from the live path; update any historical/live callers as prescribed by the reference map.
diaries,scripts/windows/0031-step13/step13-rpc.cjs,,0031 Step 13 controlled cross-dataset Image lifecycle evidence tooling,diaries:scripts/windows/0031-step13/run-local-lifecycle.ps1:253 [FEATURE-TOOL-CALLER]; diaries:scripts/windows/validation/verify-0031-step13.py:24 [TEST/VALIDATION-CALLER]; diaries:scripts/windows/validation/verify-0031-step13.py:59 [TEST/VALIDATION-CALLER],ARCHIVE,ARCHIVE,,change-control/complete/0031-FEAT - isolate mutable Files storage by database environment/evidence/tooling/windows/step13/step13-rpc.cjs,Completed-feature migration/evidence/structural verification tooling; retain historically but remove from live operator/regression locations.,Copy byte-identical source into the frozen archive path before deleting it from the live path; update any historical/live callers as prescribed by the reference map.
diaries,scripts/windows/0031-step16/rehearse-common-restore.bat,,0031 Step 16 final regression / rollback rehearsal harness,diaries:scripts/windows/0031-step16/run-final-regression.ps1:319 [FEATURE-TOOL-CALLER]; diaries:scripts/windows/validation/verify-0031-step16.py:5 [TEST/VALIDATION-CALLER],ARCHIVE,ARCHIVE,,change-control/complete/0031-FEAT - isolate mutable Files storage by database environment/evidence/tooling/windows/step16/rehearse-common-restore.bat,Completed-feature migration/evidence/structural verification tooling; retain historically but remove from live operator/regression locations.,Copy byte-identical source into the frozen archive path before deleting it from the live path; update any historical/live callers as prescribed by the reference map.
diaries,scripts/windows/0031-step16/rehearse-common-restore.ps1,,0031 Step 16 final regression / rollback rehearsal harness,diaries:scripts/windows/0031-step16/rehearse-common-restore.bat:4 [FEATURE-TOOL-CALLER]; diaries:scripts/windows/0031-step16/run-final-regression.ps1:268 [FEATURE-TOOL-CALLER]; diaries:scripts/windows/validation/verify-0031-step16.py:124 [TEST/VALIDATION-CALLER],ARCHIVE,ARCHIVE,,change-control/complete/0031-FEAT - isolate mutable Files storage by database environment/evidence/tooling/windows/step16/rehearse-common-restore.ps1,Completed-feature migration/evidence/structural verification tooling; retain historically but remove from live operator/regression locations.,Copy byte-identical source into the frozen archive path before deleting it from the live path; update any historical/live callers as prescribed by the reference map.
diaries,scripts/windows/0031-step16/run-final-regression.bat,,0031 Step 16 final regression / rollback rehearsal harness,diaries:scripts/windows/validation/verify-0031-step16.py:5 [TEST/VALIDATION-CALLER],ARCHIVE,ARCHIVE,,change-control/complete/0031-FEAT - isolate mutable Files storage by database environment/evidence/tooling/windows/step16/run-final-regression.bat,Completed-feature migration/evidence/structural verification tooling; retain historically but remove from live operator/regression locations.,Copy byte-identical source into the frozen archive path before deleting it from the live path; update any historical/live callers as prescribed by the reference map.
diaries,scripts/windows/0031-step16/run-final-regression.ps1,,0031 Step 16 final regression / rollback rehearsal harness,diaries:scripts/windows/0031-step16/run-final-regression.bat:4 [FEATURE-TOOL-CALLER]; diaries:scripts/windows/validation/verify-0031-step16.py:123 [TEST/VALIDATION-CALLER],ARCHIVE,ARCHIVE,,change-control/complete/0031-FEAT - isolate mutable Files storage by database environment/evidence/tooling/windows/step16/run-final-regression.ps1,Completed-feature migration/evidence/structural verification tooling; retain historically but remove from live operator/regression locations.,Copy byte-identical source into the frozen archive path before deleting it from the live path; update any historical/live callers as prescribed by the reference map.
diaries,scripts/windows/0031-step8/capture-local-database-backup.bat,,0031 Step 8 write-freeze / pre-migration backup / shared Files snapshot tooling,none found,ARCHIVE,ARCHIVE,,change-control/complete/0031-FEAT - isolate mutable Files storage by database environment/evidence/tooling/windows/step8/capture-local-database-backup.bat,Completed-feature migration/evidence/structural verification tooling; retain historically but remove from live operator/regression locations.,Copy byte-identical source into the frozen archive path before deleting it from the live path; update any historical/live callers as prescribed by the reference map.
diaries,scripts/windows/0031-step8/capture-local-database-backup.ps1,,0031 Step 8 write-freeze / pre-migration backup / shared Files snapshot tooling,diaries:scripts/windows/0031-step8/capture-local-database-backup.bat:4 [FEATURE-TOOL-CALLER]; diaries:scripts/windows/validation/verify-0031-step8.py:22 [TEST/VALIDATION-CALLER],ARCHIVE,ARCHIVE,,change-control/complete/0031-FEAT - isolate mutable Files storage by database environment/evidence/tooling/windows/step8/capture-local-database-backup.ps1,Completed-feature migration/evidence/structural verification tooling; retain historically but remove from live operator/regression locations.,Copy byte-identical source into the frozen archive path before deleting it from the live path; update any historical/live callers as prescribed by the reference map.
diaries,scripts/windows/0031-step8/capture-shared-files-snapshot.bat,,0031 Step 8 write-freeze / pre-migration backup / shared Files snapshot tooling,diaries:scripts/windows/0031-step8/capture-local-database-backup.ps1:210 [FEATURE-TOOL-CALLER],ARCHIVE,ARCHIVE,,change-control/complete/0031-FEAT - isolate mutable Files storage by database environment/evidence/tooling/windows/step8/capture-shared-files-snapshot.bat,Completed-feature migration/evidence/structural verification tooling; retain historically but remove from live operator/regression locations.,Copy byte-identical source into the frozen archive path before deleting it from the live path; update any historical/live callers as prescribed by the reference map.
diaries,scripts/windows/0031-step8/capture-shared-files-snapshot.ps1,,0031 Step 8 write-freeze / pre-migration backup / shared Files snapshot tooling,diaries:scripts/windows/0031-step8/capture-shared-files-snapshot.bat:4 [FEATURE-TOOL-CALLER]; diaries:scripts/windows/validation/verify-0031-step8.py:23 [TEST/VALIDATION-CALLER],ARCHIVE,ARCHIVE,,change-control/complete/0031-FEAT - isolate mutable Files storage by database environment/evidence/tooling/windows/step8/capture-shared-files-snapshot.ps1,Completed-feature migration/evidence/structural verification tooling; retain historically but remove from live operator/regression locations.,Copy byte-identical source into the frozen archive path before deleting it from the live path; update any historical/live callers as prescribed by the reference map.
diaries,scripts/windows/0031-step8/freeze-local-writes.bat,,0031 Step 8 write-freeze / pre-migration backup / shared Files snapshot tooling,diaries:scripts/windows/0031-step8/capture-local-database-backup.ps1:84 [FEATURE-TOOL-CALLER]; diaries:scripts/windows/0031-step8/capture-shared-files-snapshot.ps1:70 [FEATURE-TOOL-CALLER]; diaries:scripts/windows/0031-step8/capture-shared-files-snapshot.ps1:73 [FEATURE-TOOL-CALLER],ARCHIVE,ARCHIVE,,change-control/complete/0031-FEAT - isolate mutable Files storage by database environment/evidence/tooling/windows/step8/freeze-local-writes.bat,Completed-feature migration/evidence/structural verification tooling; retain historically but remove from live operator/regression locations.,Copy byte-identical source into the frozen archive path before deleting it from the live path; update any historical/live callers as prescribed by the reference map.
diaries,scripts/windows/0031-step8/freeze-local-writes.ps1,,0031 Step 8 write-freeze / pre-migration backup / shared Files snapshot tooling,diaries:scripts/windows/0031-step8/freeze-local-writes.bat:4 [FEATURE-TOOL-CALLER]; diaries:scripts/windows/validation/verify-0031-step8.py:21 [TEST/VALIDATION-CALLER],ARCHIVE,ARCHIVE,,change-control/complete/0031-FEAT - isolate mutable Files storage by database environment/evidence/tooling/windows/step8/freeze-local-writes.ps1,Completed-feature migration/evidence/structural verification tooling; retain historically but remove from live operator/regression locations.,Copy byte-identical source into the frozen archive path before deleting it from the live path; update any historical/live callers as prescribed by the reference map.
diaries,scripts/windows/0031-step9/reconcile-local-shared-files.bat,,0031 Step 9 read-only reconciliation against pre-split shared Files,none found,ARCHIVE,ARCHIVE,,change-control/complete/0031-FEAT - isolate mutable Files storage by database environment/evidence/tooling/windows/step9/reconcile-local-shared-files.bat,Completed-feature migration/evidence/structural verification tooling; retain historically but remove from live operator/regression locations.,Copy byte-identical source into the frozen archive path before deleting it from the live path; update any historical/live callers as prescribed by the reference map.
diaries,scripts/windows/0031-step9/reconcile-local-shared-files.ps1,,0031 Step 9 read-only reconciliation against pre-split shared Files,diaries:scripts/windows/0031-step9/reconcile-local-shared-files.bat:8 [FEATURE-TOOL-CALLER]; diaries:scripts/windows/validation/verify-0031-step16.py:96 [TEST/VALIDATION-CALLER]; diaries:scripts/windows/validation/verify-0031-step9.py:17 [TEST/VALIDATION-CALLER],ARCHIVE,ARCHIVE,,change-control/complete/0031-FEAT - isolate mutable Files storage by database environment/evidence/tooling/windows/step9/reconcile-local-shared-files.ps1,Completed-feature migration/evidence/structural verification tooling; retain historically but remove from live operator/regression locations.,Copy byte-identical source into the frozen archive path before deleting it from the live path; update any historical/live callers as prescribed by the reference map.
diaries,scripts/windows/validation/step13-image-http.cjs,,Image byte/path diagnostics used by current ImageFragment smoke runner,diaries:scripts/windows/validation/smoke-imagefragment-reader.cjs:13 [TEST/VALIDATION-CALLER]; diaries:scripts/windows/validation/step13-image-http.test.cjs:5 [TEST/VALIDATION-CALLER],PROMOTE/RENAME,PROMOTE/RENAME,scripts/windows/validation/imagefragment-image-http.cjs,,Permanent behavioural regression/current diagnostic coverage; remove feature/step numbering from live name.,Rename/move atomically with all active callers and documentation; run the renamed regression.
diaries,scripts/windows/validation/step13-image-http.test.cjs,,focused regression tests for corresponding ImageFragment smoke helper,diaries:scripts/windows/validation/verify-0026-step13.ps1:73 [TEST/VALIDATION-CALLER]; diaries:scripts/windows/validation/verify-0026-step14.py:272 [TEST/VALIDATION-CALLER],PROMOTE/RENAME,PROMOTE/RENAME,scripts/windows/validation/imagefragment-image-http.test.cjs,,Permanent behavioural regression/current diagnostic coverage; remove feature/step numbering from live name.,Rename/move atomically with all active callers and documentation; run the renamed regression.
diaries,scripts/windows/validation/step13-proxy-routing.cjs,,mutable local proxy helper used by current ImageFragment smoke runner,diaries:scripts/windows/validation/smoke-imagefragment-reader.cjs:14 [TEST/VALIDATION-CALLER]; diaries:scripts/windows/validation/step13-proxy-routing.test.cjs:5 [TEST/VALIDATION-CALLER],PROMOTE/RENAME,PROMOTE/RENAME,scripts/windows/validation/imagefragment-proxy-routing.cjs,,Permanent behavioural regression/current diagnostic coverage; remove feature/step numbering from live name.,Rename/move atomically with all active callers and documentation; run the renamed regression.
diaries,scripts/windows/validation/step13-proxy-routing.test.cjs,,focused regression tests for corresponding ImageFragment smoke helper,diaries:scripts/windows/validation/verify-0026-step13.ps1:77 [TEST/VALIDATION-CALLER]; diaries:scripts/windows/validation/verify-0026-step14.py:272 [TEST/VALIDATION-CALLER],PROMOTE/RENAME,PROMOTE/RENAME,scripts/windows/validation/imagefragment-proxy-routing.test.cjs,,Permanent behavioural regression/current diagnostic coverage; remove feature/step numbering from live name.,Rename/move atomically with all active callers and documentation; run the renamed regression.
diaries,scripts/windows/validation/step13-retained-snapshot.cjs,,retained MQTT snapshot helper used by current ImageFragment smoke runner,diaries:scripts/windows/validation/smoke-imagefragment-reader.cjs:12 [TEST/VALIDATION-CALLER]; diaries:scripts/windows/validation/step13-retained-snapshot.test.cjs:7 [TEST/VALIDATION-CALLER],PROMOTE/RENAME,PROMOTE/RENAME,scripts/windows/validation/imagefragment-retained-snapshot.cjs,,Permanent behavioural regression/current diagnostic coverage; remove feature/step numbering from live name.,Rename/move atomically with all active callers and documentation; run the renamed regression.
diaries,scripts/windows/validation/step13-retained-snapshot.test.cjs,,focused regression tests for corresponding ImageFragment smoke helper,diaries:scripts/windows/validation/verify-0026-step13.ps1:69 [TEST/VALIDATION-CALLER]; diaries:scripts/windows/validation/verify-0026-step14.py:272 [TEST/VALIDATION-CALLER],PROMOTE/RENAME,PROMOTE/RENAME,scripts/windows/validation/imagefragment-retained-snapshot.test.cjs,,Permanent behavioural regression/current diagnostic coverage; remove feature/step numbering from live name.,Rename/move atomically with all active callers and documentation; run the renamed regression.
diaries,scripts/windows/validation/test-verify-0026-step14.py,,0026 Step 14 full regression/artifact-verifier tooling,none found,ARCHIVE,ARCHIVE,,change-control/complete/0026-FEAT - render ImageFragments in diaries-web/evidence/tooling/validation/test-verify-0026-step14.py,Completed-feature migration/evidence/structural verification tooling; retain historically but remove from live operator/regression locations.,Copy byte-identical source into the frozen archive path before deleting it from the live path; update any historical/live callers as prescribed by the reference map.
diaries,scripts/windows/validation/verify-0026-step13.ps1,,disposable cross-component ImageFragment reader verification wrapper,diaries:scripts/windows/validation/verify-0026-step14.py:335 [TEST/VALIDATION-CALLER],PROMOTE/RENAME,PROMOTE/RENAME,scripts/windows/validation/verify-imagefragment-reader.ps1,,Permanent behavioural regression/current diagnostic coverage; remove feature/step numbering from live name.,Rename/move atomically with all active callers and documentation; run the renamed regression.
diaries,scripts/windows/validation/verify-0026-step14.ps1,,0026 Step 14 full regression/artifact-verifier tooling,diaries:scripts/windows/validation/verify-0026-step14.py:4 [TEST/VALIDATION-CALLER],ARCHIVE,ARCHIVE,,change-control/complete/0026-FEAT - render ImageFragments in diaries-web/evidence/tooling/validation/verify-0026-step14.ps1,Completed-feature migration/evidence/structural verification tooling; retain historically but remove from live operator/regression locations.,Copy byte-identical source into the frozen archive path before deleting it from the live path; update any historical/live callers as prescribed by the reference map.
diaries,scripts/windows/validation/verify-0026-step14.py,,0026 Step 14 full regression/artifact-verifier tooling,diaries:scripts/windows/validation/test-verify-0026-step14.py:9 [TEST/VALIDATION-CALLER]; diaries:scripts/windows/validation/verify-0026-step14.ps1:15 [TEST/VALIDATION-CALLER],ARCHIVE,ARCHIVE,,change-control/complete/0026-FEAT - render ImageFragments in diaries-web/evidence/tooling/validation/verify-0026-step14.py,Completed-feature migration/evidence/structural verification tooling; retain historically but remove from live operator/regression locations.,Copy byte-identical source into the frozen archive path before deleting it from the live path; update any historical/live callers as prescribed by the reference map.
diaries,scripts/windows/validation/verify-0031-step10.py,,structural verification of 0031 Step 10 seeding tooling,diaries:scripts/windows/0031-step16/run-final-regression.ps1:169 [FEATURE-TOOL-CALLER],ARCHIVE,ARCHIVE,,change-control/complete/0031-FEAT - isolate mutable Files storage by database environment/evidence/tooling/validation/diaries/verify-0031-step10.py,Completed-feature migration/evidence/structural verification tooling; retain historically but remove from live operator/regression locations.,Copy byte-identical source into the frozen archive path before deleting it from the live path; update any historical/live callers as prescribed by the reference map.
diaries,scripts/windows/validation/verify-0031-step11.py,,mixed current diagnostics checks and 0031 Step 11 evidence-tooling checks,diaries:scripts/windows/0031-step16/run-final-regression.ps1:170 [FEATURE-TOOL-CALLER],PROMOTE/RENAME,PROMOTE/RENAME,scripts/windows/validation/verify-effective-dataset-diagnostics.py,change-control/complete/0031-FEAT - isolate mutable Files storage by database environment/evidence/tooling/validation/diaries/verify-0031-step11.py,Keep only behaviour-oriented diagnostics/start/status/mount assertions in the promoted test; archive the original because its Step 11 capture/comparer/evidence assertions are historical.,"Create the behaviour-only neutral successor, update callers, archive the original mixed validator, then run the successor."
diaries,scripts/windows/validation/verify-0031-step13.py,,structural verification of 0031 Step 13 lifecycle tooling,diaries:scripts/windows/0031-step16/run-final-regression.ps1:171 [FEATURE-TOOL-CALLER]; diaries:scripts/windows/0031-step16/run-final-regression.ps1:187 [FEATURE-TOOL-CALLER],ARCHIVE,ARCHIVE,,change-control/complete/0031-FEAT - isolate mutable Files storage by database environment/evidence/tooling/validation/diaries/verify-0031-step13.py,Completed-feature migration/evidence/structural verification tooling; retain historically but remove from live operator/regression locations.,Copy byte-identical source into the frozen archive path before deleting it from the live path; update any historical/live callers as prescribed by the reference map.
diaries,scripts/windows/validation/verify-0031-step16.py,,0031 final release-candidate gate tied to Step 16 tooling/evidence,diaries:scripts/windows/0031-step16/run-final-regression.ps1:172 [FEATURE-TOOL-CALLER]; diaries:scripts/windows/0031-step16/run-final-regression.ps1:269 [FEATURE-TOOL-CALLER],PROMOTE/RENAME,ARCHIVE,,change-control/complete/0031-FEAT - isolate mutable Files storage by database environment/evidence/tooling/validation/diaries/verify-0031-step16.py,Feature-closeout aggregation gate. Its lasting assertions are covered by the promoted behaviour-oriented validators; keeping a Step 16 gate live would preserve feature-number coupling.,Copy byte-identical source into the frozen archive path before deleting it from the live path; update any historical/live callers as prescribed by the reference map.
diaries,scripts/windows/validation/verify-0031-step3.py,,local database/Files selector and Compose mount contract,diaries:scripts/windows/0031-step16/run-final-regression.ps1:163 [FEATURE-TOOL-CALLER],PROMOTE/RENAME,PROMOTE/RENAME,scripts/windows/validation/verify-local-dataset-layout.py,,Permanent behavioural regression/current diagnostic coverage; remove feature/step numbering from live name.,Rename/move atomically with all active callers and documentation; run the renamed regression.
diaries,scripts/windows/validation/verify-0031-step4-runtime.bat,,runtime check for generated responder config and stable public URL,diaries:scripts/windows/validation/verify-0031-step4.py:28 [TEST/VALIDATION-CALLER],PROMOTE/RENAME,PROMOTE/RENAME,scripts/windows/validation/verify-direct-development-files-runtime.bat,,Permanent behavioural regression/current diagnostic coverage; remove feature/step numbering from live name.,Rename/move atomically with all active callers and documentation; run the renamed regression.
diaries,scripts/windows/validation/verify-0031-step4.py,,direct Windows generated responder configuration and stable /files contract,diaries:scripts/windows/0031-step16/run-final-regression.ps1:164 [FEATURE-TOOL-CALLER],PROMOTE/RENAME,PROMOTE/RENAME,scripts/windows/validation/verify-direct-development-files-config.py,,Permanent behavioural regression/current diagnostic coverage; remove feature/step numbering from live name.,Rename/move atomically with all active callers and documentation; run the renamed regression.
diaries,scripts/windows/validation/verify-0031-step6.ps1,,Windows execution coverage for dataset-pair guard positive/negative cases,diaries:scripts/windows/validation/verify-0031-step6.py:4 [TEST/VALIDATION-CALLER]; diaries:scripts/windows/validation/verify-0031-step6.py:130 [TEST/VALIDATION-CALLER],PROMOTE/RENAME,PROMOTE/RENAME,scripts/windows/validation/verify-dataset-pair-guard.ps1,,Permanent behavioural regression/current diagnostic coverage; remove feature/step numbering from live name.,Rename/move atomically with all active callers and documentation; run the renamed regression.
diaries,scripts/windows/validation/verify-0031-step6.py,,portable local storage-isolation and dataset-pair guard regression,diaries:scripts/windows/0031-step16/run-final-regression.ps1:165 [FEATURE-TOOL-CALLER],PROMOTE/RENAME,PROMOTE/RENAME,scripts/windows/validation/verify-dataset-pair-guard.py,,Permanent behavioural regression/current diagnostic coverage; remove feature/step numbering from live name.,Rename/move atomically with all active callers and documentation; run the renamed regression.
diaries,scripts/windows/validation/verify-0031-step7.py,,local database-only backup/restore pairing and manifest semantics,diaries:scripts/windows/0031-step16/run-final-regression.ps1:166 [FEATURE-TOOL-CALLER],PROMOTE/RENAME,PROMOTE/RENAME,scripts/windows/validation/verify-local-backup-restore-semantics.py,,Permanent behavioural regression/current diagnostic coverage; remove feature/step numbering from live name.,Rename/move atomically with all active callers and documentation; run the renamed regression.
diaries,scripts/windows/validation/verify-0031-step8.py,,structural verification of 0031 Step 8 migration tooling,diaries:scripts/windows/0031-step16/run-final-regression.ps1:167 [FEATURE-TOOL-CALLER]; diaries:scripts/windows/0031-step16/run-final-regression.ps1:185 [FEATURE-TOOL-CALLER],ARCHIVE,ARCHIVE,,change-control/complete/0031-FEAT - isolate mutable Files storage by database environment/evidence/tooling/validation/diaries/verify-0031-step8.py,Completed-feature migration/evidence/structural verification tooling; retain historically but remove from live operator/regression locations.,Copy byte-identical source into the frozen archive path before deleting it from the live path; update any historical/live callers as prescribed by the reference map.
diaries,scripts/windows/validation/verify-0031-step9.py,,structural verification of 0031 Step 9 reconciliation tooling,diaries:scripts/windows/0031-step16/run-final-regression.ps1:168 [FEATURE-TOOL-CALLER]; diaries:scripts/windows/0031-step16/run-final-regression.ps1:186 [FEATURE-TOOL-CALLER],ARCHIVE,ARCHIVE,,change-control/complete/0031-FEAT - isolate mutable Files storage by database environment/evidence/tooling/validation/diaries/verify-0031-step9.py,Completed-feature migration/evidence/structural verification tooling; retain historically but remove from live operator/regression locations.,Copy byte-identical source into the frozen archive path before deleting it from the live path; update any historical/live callers as prescribed by the reference map.
playbooks,roles/diaries/files/sync/scripts/migration0024ImageCatalogue.sh,/home/richard/projects/diaries/scripts/migration0024ImageCatalogue.sh,production wrapper for Image catalogue migration/reconciliation JavaExec,diaries:diaries-responder/scripts/files/migration0024ImageCatalogue.sh:6 [ACTIVE-CODE-CALLER]; diaries:diaries-responder/scripts/files/migration0024ImageCatalogue.sh:13 [ACTIVE-CODE-CALLER]; diaries:diaries-responder/scripts/files/migration0024ImageCatalogue.sh:14 [ACTIVE-CODE-CALLER]; playbooks:roles/diaries/tasks/copy.yaml:36 [DIRECTORY-DEPLOYMENT-CALLER]; playbooks:roles/diaries/tasks/main.yaml:36 [DIRECTORY-DEPLOYMENT-CALLER]; playbooks:roles/diaries/files/sync/scripts/step12-reconcile-production.sh:28 [FEATURE-TOOL-CALLER]; playbooks:roles/diaries/tests/verify-0031-step14.py:60 [TEST/VALIDATION-CALLER],PENDING,ARCHIVE,,change-control/complete/0024-FEAT - introduce reusable persistent Image catalogue/evidence/tooling/production/migration0024ImageCatalogue.sh,"0024 production reconciliation completed before 0024 closure; this wrapper is controlled migration tooling, not normal supported administration.",Copy byte-identical source into the frozen archive path before deleting it from the live path; update any historical/live callers as prescribed by the reference map.
playbooks,roles/diaries/files/sync/scripts/step12-compare-reconciliation.py,/home/richard/projects/diaries/scripts/step12-compare-reconciliation.py,feature/step-specific verification tooling,playbooks:roles/diaries/tasks/copy.yaml:36 [DIRECTORY-DEPLOYMENT-CALLER]; playbooks:roles/diaries/tasks/main.yaml:36 [DIRECTORY-DEPLOYMENT-CALLER]; playbooks:roles/diaries/files/sync/scripts/step12-reconcile-production.sh:29 [FEATURE-TOOL-CALLER],ARCHIVE,ARCHIVE,,change-control/complete/0031-FEAT - isolate mutable Files storage by database environment/evidence/tooling/production/step12-compare-reconciliation.py,Completed-feature migration/evidence/structural verification tooling; retain historically but remove from live operator/regression locations.,Copy byte-identical source into the frozen archive path before deleting it from the live path; update any historical/live callers as prescribed by the reference map.
playbooks,roles/diaries/files/sync/scripts/step12-reconcile-production.sh,/home/richard/projects/diaries/scripts/step12-reconcile-production.sh,feature/step-specific verification tooling,playbooks:roles/diaries/tasks/copy.yaml:36 [DIRECTORY-DEPLOYMENT-CALLER]; playbooks:roles/diaries/tasks/main.yaml:36 [DIRECTORY-DEPLOYMENT-CALLER]; playbooks:roles/diaries/files/sync/scripts/step14-production-deployment.sh:50 [FEATURE-TOOL-CALLER]; playbooks:roles/diaries/tests/verify-0031-step14.py:55 [TEST/VALIDATION-CALLER],ARCHIVE,ARCHIVE,,change-control/complete/0031-FEAT - isolate mutable Files storage by database environment/evidence/tooling/production/step12-reconcile-production.sh,Completed-feature migration/evidence/structural verification tooling; retain historically but remove from live operator/regression locations.,Copy byte-identical source into the frozen archive path before deleting it from the live path; update any historical/live callers as prescribed by the reference map.
playbooks,roles/diaries/files/sync/scripts/step13-capture-production-control.sh,/home/richard/projects/diaries/scripts/step13-capture-production-control.sh,feature/step-specific verification tooling,playbooks:roles/diaries/tasks/copy.yaml:36 [DIRECTORY-DEPLOYMENT-CALLER]; playbooks:roles/diaries/tasks/main.yaml:36 [DIRECTORY-DEPLOYMENT-CALLER]; playbooks:roles/diaries/tests/verify-0031-step13.py:7 [TEST/VALIDATION-CALLER]; playbooks:roles/diaries/tests/verify-0031-step13.py:33 [TEST/VALIDATION-CALLER],ARCHIVE,ARCHIVE,,change-control/complete/0031-FEAT - isolate mutable Files storage by database environment/evidence/tooling/production/step13-capture-production-control.sh,Completed-feature migration/evidence/structural verification tooling; retain historically but remove from live operator/regression locations.,Copy byte-identical source into the frozen archive path before deleting it from the live path; update any historical/live callers as prescribed by the reference map.
playbooks,roles/diaries/files/sync/scripts/step14-production-deployment.sh,/home/richard/projects/diaries/scripts/step14-production-deployment.sh,feature/step-specific verification tooling,playbooks:roles/diaries/tasks/copy.yaml:36 [DIRECTORY-DEPLOYMENT-CALLER]; playbooks:roles/diaries/tasks/main.yaml:36 [DIRECTORY-DEPLOYMENT-CALLER]; playbooks:roles/diaries/tests/verify-0031-step14.py:7 [TEST/VALIDATION-CALLER]; playbooks:roles/diaries/tests/verify-0031-step14.py:66 [TEST/VALIDATION-CALLER],ARCHIVE,ARCHIVE,,change-control/complete/0031-FEAT - isolate mutable Files storage by database environment/evidence/tooling/production/step14-production-deployment.sh,Completed-feature migration/evidence/structural verification tooling; retain historically but remove from live operator/regression locations.,Copy byte-identical source into the frozen archive path before deleting it from the live path; update any historical/live callers as prescribed by the reference map.
playbooks,roles/diaries/files/sync/scripts/step8-capture-production-database-backup.sh,/home/richard/projects/diaries/scripts/step8-capture-production-database-backup.sh,feature/step-specific verification tooling,playbooks:roles/diaries/tasks/copy.yaml:36 [DIRECTORY-DEPLOYMENT-CALLER]; playbooks:roles/diaries/tasks/main.yaml:36 [DIRECTORY-DEPLOYMENT-CALLER]; playbooks:roles/diaries/tests/verify-0031-step8.py:19 [TEST/VALIDATION-CALLER],ARCHIVE,ARCHIVE,,change-control/complete/0031-FEAT - isolate mutable Files storage by database environment/evidence/tooling/production/step8-capture-production-database-backup.sh,Completed-feature migration/evidence/structural verification tooling; retain historically but remove from live operator/regression locations.,Copy byte-identical source into the frozen archive path before deleting it from the live path; update any historical/live callers as prescribed by the reference map.
playbooks,roles/diaries/files/sync/scripts/step8-freeze-writes.sh,/home/richard/projects/diaries/scripts/step8-freeze-writes.sh,feature/step-specific verification tooling,playbooks:roles/diaries/tasks/copy.yaml:36 [DIRECTORY-DEPLOYMENT-CALLER]; playbooks:roles/diaries/tasks/main.yaml:36 [DIRECTORY-DEPLOYMENT-CALLER]; diaries:scripts/windows/0031-step8/capture-shared-files-snapshot.ps1:102 [FEATURE-TOOL-CALLER]; playbooks:roles/diaries/files/sync/scripts/step8-capture-production-database-backup.sh:47 [FEATURE-TOOL-CALLER]; playbooks:roles/diaries/tests/verify-0031-step8.py:18 [TEST/VALIDATION-CALLER]; playbooks:roles/diaries/tests/verify-0031-step8.py:29 [TEST/VALIDATION-CALLER],ARCHIVE,ARCHIVE,,change-control/complete/0031-FEAT - isolate mutable Files storage by database environment/evidence/tooling/production/step8-freeze-writes.sh,Completed-feature migration/evidence/structural verification tooling; retain historically but remove from live operator/regression locations.,Copy byte-identical source into the frozen archive path before deleting it from the live path; update any historical/live callers as prescribed by the reference map.
playbooks,roles/diaries/files/sync/scripts/step9-reconcile-production.sh,/home/richard/projects/diaries/scripts/step9-reconcile-production.sh,feature/step-specific verification tooling,playbooks:roles/diaries/tasks/copy.yaml:36 [DIRECTORY-DEPLOYMENT-CALLER]; playbooks:roles/diaries/tasks/main.yaml:36 [DIRECTORY-DEPLOYMENT-CALLER]; playbooks:roles/diaries/tests/verify-0031-step9.py:16 [TEST/VALIDATION-CALLER],ARCHIVE,ARCHIVE,,change-control/complete/0031-FEAT - isolate mutable Files storage by database environment/evidence/tooling/production/step9-reconcile-production.sh,Completed-feature migration/evidence/structural verification tooling; retain historically but remove from live operator/regression locations.,Copy byte-identical source into the frozen archive path before deleting it from the live path; update any historical/live callers as prescribed by the reference map.
playbooks,roles/diaries/tests/verify-0031-backup-semantics.py,,production database-only backup/restore pairing and manifest semantics,diaries:scripts/windows/0031-step16/run-final-regression.ps1:184 [FEATURE-TOOL-CALLER],PROMOTE/RENAME,PROMOTE/RENAME,roles/diaries/tests/verify-production-backup-restore-semantics.py,,Permanent behavioural regression/current diagnostic coverage; remove feature/step numbering from live name.,Rename/move atomically with all active callers and documentation; run the renamed regression.
playbooks,roles/diaries/tests/verify-0031-step13.py,,structural verification of 0031 Step 13 lifecycle tooling,diaries:scripts/windows/0031-step16/run-final-regression.ps1:171 [FEATURE-TOOL-CALLER]; diaries:scripts/windows/0031-step16/run-final-regression.ps1:187 [FEATURE-TOOL-CALLER],ARCHIVE,ARCHIVE,,change-control/complete/0031-FEAT - isolate mutable Files storage by database environment/evidence/tooling/validation/playbooks/verify-0031-step13.py,Completed-feature migration/evidence/structural verification tooling; retain historically but remove from live operator/regression locations.,Copy byte-identical source into the frozen archive path before deleting it from the live path; update any historical/live callers as prescribed by the reference map.
playbooks,roles/diaries/tests/verify-0031-step14.py,,Step 14 deployment helper plus current retained-snapshot broker/config policy assertions,diaries:scripts/windows/0031-step16/run-final-regression.ps1:149 [FEATURE-TOOL-CALLER]; diaries:scripts/windows/0031-step16/run-final-regression.ps1:188 [FEATURE-TOOL-CALLER]; diaries:scripts/windows/0031-step16/run-final-regression.ps1:286 [FEATURE-TOOL-CALLER]; diaries:scripts/windows/validation/verify-0031-step16.py:125 [TEST/VALIDATION-CALLER]; playbooks:roles/diaries/tests/verify-0031-step16.py:50 [TEST/VALIDATION-CALLER],PROMOTE/RENAME,PROMOTE/RENAME,roles/diaries/tests/verify-production-deployment-contract.py,change-control/complete/0031-FEAT - isolate mutable Files storage by database environment/evidence/tooling/validation/playbooks/verify-0031-step14.py,Keep only current production broker/Compose/start/deployment-policy assertions in the promoted test; archive the original because its Step 14 helper/runbook assertions are historical.,"Create the behaviour-only neutral successor, update callers, archive the original mixed validator, then run the successor."
playbooks,roles/diaries/tests/verify-0031-step16.py,,0031 final release-candidate gate tied to Step 16 tooling/evidence,diaries:scripts/windows/0031-step16/run-final-regression.ps1:172 [FEATURE-TOOL-CALLER]; diaries:scripts/windows/0031-step16/run-final-regression.ps1:269 [FEATURE-TOOL-CALLER]; diaries:scripts/windows/validation/verify-0031-step16.py:125 [TEST/VALIDATION-CALLER],PROMOTE/RENAME,ARCHIVE,,change-control/complete/0031-FEAT - isolate mutable Files storage by database environment/evidence/tooling/validation/playbooks/verify-0031-step16.py,Feature-closeout aggregation gate. Its lasting assertions are covered by the promoted behaviour-oriented validators; keeping a Step 16 gate live would preserve feature-number coupling.,Copy byte-identical source into the frozen archive path before deleting it from the live path; update any historical/live callers as prescribed by the reference map.
playbooks,roles/diaries/tests/verify-0031-step8.py,,structural verification of 0031 Step 8 migration tooling,diaries:scripts/windows/0031-step16/run-final-regression.ps1:167 [FEATURE-TOOL-CALLER]; diaries:scripts/windows/0031-step16/run-final-regression.ps1:185 [FEATURE-TOOL-CALLER],ARCHIVE,ARCHIVE,,change-control/complete/0031-FEAT - isolate mutable Files storage by database environment/evidence/tooling/validation/playbooks/verify-0031-step8.py,Completed-feature migration/evidence/structural verification tooling; retain historically but remove from live operator/regression locations.,Copy byte-identical source into the frozen archive path before deleting it from the live path; update any historical/live callers as prescribed by the reference map.
playbooks,roles/diaries/tests/verify-0031-step9.py,,structural verification of 0031 Step 9 reconciliation tooling,diaries:scripts/windows/0031-step16/run-final-regression.ps1:168 [FEATURE-TOOL-CALLER]; diaries:scripts/windows/0031-step16/run-final-regression.ps1:186 [FEATURE-TOOL-CALLER],ARCHIVE,ARCHIVE,,change-control/complete/0031-FEAT - isolate mutable Files storage by database environment/evidence/tooling/validation/playbooks/verify-0031-step9.py,Completed-feature migration/evidence/structural verification tooling; retain historically but remove from live operator/regression locations.,Copy byte-identical source into the frozen archive path before deleting it from the live path; update any historical/live callers as prescribed by the reference map.
playbooks,roles/diaries/tests/verify-0031-storage-isolation.py,,production explicit Files selector/storage-isolation contract,diaries:scripts/windows/0031-step16/run-final-regression.ps1:183 [FEATURE-TOOL-CALLER]; diaries:scripts/windows/0031-step16/run-final-regression.ps1:285 [FEATURE-TOOL-CALLER]; playbooks:roles/diaries/tests/verify-0031-step16.py:51 [TEST/VALIDATION-CALLER],PROMOTE/RENAME,PROMOTE/RENAME,roles/diaries/tests/verify-production-storage-isolation.py,,Permanent behavioural regression/current diagnostic coverage; remove feature/step numbering from live name.,Rename/move atomically with all active callers and documentation; run the renamed regression.
