plan_key,operation,database_fragment_id,source_key,date,sequence,planning_order,page_id,marquee_action,source_html_sha256,target_text_md5,expected_version,expected_text_md5
database:241,UPDATE_EXISTING_FROM_SOURCE,241,fragments/1828/08/14-img2853-right,1828-08-14,2,2,705,KEEP_EXISTING,cba091d84ec7d012dd261471890a0580f18a8acf36654582df98a2b3be5b0df3,7cddba93d8a36f12f9afc6cbcf890ba7,7,03b3acf968a6d3db6c0c9054e25a1460
database:566,UPDATE_EXISTING_FROM_SOURCE,566,fragments/1829/06/20-img2889-right,1829-06-20,1,1,741,KEEP_EXISTING,a41fe1b9faf9d37cf8bf9a70253a945474295021f7fdc133b4ec7f7c6dc1f869,cb2269f86054079dbc29cf3eebb0d115,1,2d80c47326647105959328f371f8bfd0
database:567,UPDATE_EXISTING_FROM_SOURCE,567,fragments/1829/06/20-img2890-right,1829-06-20,3,3,742,KEEP_EXISTING,0e7f8c05dbfc42c1db5f3014cc7b69a27f2d2726c3085c5e4409667a25046e5a,86f250b36db68f22cc619f4928736087,3,374d7caa2eb9e9c3f8bb9371efc68288
database:568,UPDATE_EXISTING_FROM_SOURCE,568,fragments/1829/06/20-img2891-left,1829-06-20,4,4,743,KEEP_EXISTING,6cd9200fc617b53d7e99c5a2cc90d91164919b6cc5f6c348b0be837d90fe0974,9187f77d6aa58755efd29337f1bdb06f,2,acf6ce3f98ed85a211459fa20cf57768
database:574,UPDATE_EXISTING_FROM_SOURCE,574,fragments/1829/06/25-img2892-right,1829-06-25,2,2,744,KEEP_EXISTING,98ba4467f9220e17811f148c5b604a1960b463f6e6520e969b5d93d73386b96a,fe78663066343061888ba72eaf44ea8e,2,ea9cde3a08dcc6d44a56ac64fc341275
database:577,UPDATE_EXISTING_FROM_SOURCE,577,fragments/1829/06/26-img2893-left,1829-06-26,3,3,745,KEEP_EXISTING,eff83dd5e1f508ff6d7439c24eee4135921d93a6cb8bc47288a61896cd4003f3,5ed2ab019264c23c315c721ed865455a,1,beb904bbf86390475663d795fc64b1ab
database:1738,UPDATE_EXISTING_FROM_SOURCE,1738,fragments/1832/06/27-m3-img3018-murder-of-nicholas-fairles,1832-06-27,1,1,,KEEP_ABSENT,d89fe5ac3ae9427ef2f8d5f371b3c08cc586512e1dd08b58cc212b8ba5a63bd2,b30ce79ab85e105ecf86512dd1fe5719,0,6074f6c06632e4cf157c1d5a0b17f9e5
database:2299,UPDATE_EXISTING_FROM_SOURCE,2299,fragments/1828/08/14-img2853-left,1828-08-14,1,1,705,KEEP_EXISTING,22f073f038e43571c235011d7728e2122d52b6556c7e75e932d5fff862e3e218,f4c286526ad9b8c1c6d0cda02154317c,13,e018f3449821cd8bac1d66593b4b21bc
database:2300,UPDATE_EXISTING_FROM_SOURCE,2300,fragments/1829/01/08-img2868-right,1829-01-08,2,2,720,KEEP_EXISTING,dc6702144e5894eb8d64f47ef560f3f781069f77e2e855e35306aea86ed55283,30719d0fcc496e53968d150a63d9445f,7,eed0866b1d6c8d9166667c588dec8c44
database:2301,UPDATE_EXISTING_FROM_SOURCE,2301,fragments/1829/04/16-img2878-left-continuation,1829-04-16,2,2,730,KEEP_EXISTING,e4fa7c33a7e5169fa16f94dc167290814a438a027513a308825ed8f3685adf28,7633a0e92c867c6170aaae345c0e9878,3,606e92d4a37f0f4558057182fb31c120
database:2302,UPDATE_EXISTING_FROM_SOURCE,2302,fragments/1829/05/17-img2882-right,1829-05-17,2,2,734,KEEP_EXISTING,0444657847027d13a37671bfb039bce3e36fe29ecb0f95176adfcfd79ca0abcf,65c733b2ddf8ef6bd5b59a5aa51aaf04,1,02f2bb9b9edcf481754be636bd5bb483
database:2304,UPDATE_EXISTING_FROM_SOURCE,2304,fragments/1829/06/19-img2889-right,1829-06-19,2,2,741,KEEP_EXISTING,b767f27a94e2a9e04da9dc6fe06bc26821b711195911e79db3a04083c43ba914,aa4363cb742bd1c6f8e2476487e7e265,2,dc77188efa2e4479bda30946180db8b7
database:2305,UPDATE_EXISTING_FROM_SOURCE,2305,fragments/1829/06/20-img2890-left,1829-06-20,2,2,742,KEEP_EXISTING,dfddd79b6fbce254d73f1513eba62b55a9305201850b98db7b3a4dccc60a262f,febfcdd973d58129e95910c57583839d,4,10207c29a831ab1749e60b93f715f30e
database:2306,UPDATE_EXISTING_FROM_SOURCE,2306,fragments/1829/06/25-img2892-left,1829-06-25,1,1,744,KEEP_EXISTING,b5145ee731d439482017acb153e57d6fc58048cc6041d4b9a27e864078fa81e3,d110b8bf7aded2f3692d4cd7bc6b4cb0,6,830b5bfc3122140b8ab3772f53b402f9
database:2307,UPDATE_EXISTING_FROM_SOURCE,2307,fragments/1829/06/29-img2894-right,1829-06-29,2,2,746,KEEP_EXISTING,28058d6a13a5445d3cfd73a9e386c65365d9f4203459918c14be6563f6fbd72a,d073f83f1eb0d878ff5aa1e92ffc2df9,1,8fbe178ccb825051382db3b1d366519b
source:fragments/1829/06/30-img2895-right,CREATE_FRAGMENT,,fragments/1829/06/30-img2895-right,1829-06-30,3,3,747,ENSURE_MARQUEE_EXISTS,5ec3fc7bceab672428a214d8aa96b1c57705c5b652a0e9773068bff7b6ebd8e4,27be3e0acfd28776ab60d79fb343d1cf,,
source:fragments/1829/07/02-img2896-right,CREATE_FRAGMENT,,fragments/1829/07/02-img2896-right,1829-07-02,1.5,2,748,ENSURE_MARQUEE_EXISTS,eb7a2e083af85103006918ebc7a309116fbd5dbd07303e2eeb10716b818c124e,f6695834b6d9c50447fa7b074c8a3ddf,,
source:fragments/1829/07/02-img2897-right,CREATE_FRAGMENT,,fragments/1829/07/02-img2897-right,1829-07-02,3,4,749,ENSURE_MARQUEE_EXISTS,b8817e2420cc2b3aad1810701fcfd2cbea56270a30159a5b282bab9ba9ed5209,37fbfe7a5b5a520701209f266ec65661,,
source:fragments/1829/07/05-img2899-right,CREATE_FRAGMENT,,fragments/1829/07/05-img2899-right,1829-07-05,2,2,751,ENSURE_MARQUEE_EXISTS,e5eaf203a4763244b1b9c0e744da0ef3b73b576a91ab0a8370da90ded26bef85,84a12adfbbab541479b23bd64b300b87,,
source:fragments/1829/07/07-img2900-right,CREATE_FRAGMENT,,fragments/1829/07/07-img2900-right,1829-07-07,6,6,752,ENSURE_MARQUEE_EXISTS,6e00ef61e40d6eac2bb43bfe9a4d969e5449e04fc5da22a8900d8bf761a1b4a3,a0f6b932c6a39bdb476d7386588af65f,,
source:fragments/1829/07/08-img2901-right,CREATE_FRAGMENT,,fragments/1829/07/08-img2901-right,1829-07-08,6,6,753,ENSURE_MARQUEE_EXISTS,a49f1b54f35cd9c50b1eb65187538db6807d84b04fed1eb998c353ae1517f6b9,6f3b76ae685c7cf5a5b1057eaa19839a,,
source:fragments/1829/07/09-img2902-right,CREATE_FRAGMENT,,fragments/1829/07/09-img2902-right,1829-07-09,3,3,754,ENSURE_MARQUEE_EXISTS,851b456770608b43bcf423aa1c4c239afdb025461155dd80538adcb8c952f801,22ce0831701189e15332be3b1911c581,,
source:fragments/1829/07/11-img2903-right,CREATE_FRAGMENT,,fragments/1829/07/11-img2903-right,1829-07-11,3,3,755,ENSURE_MARQUEE_EXISTS,afdd962fa60717090143e31c6225859041fc63bd4a9315116e4c344de9280275,3b39d38fd8885046c0270761c8c70e7d,,
source:fragments/1829/07/15-img2905-right,CREATE_FRAGMENT,,fragments/1829/07/15-img2905-right,1829-07-15,2,2,757,ENSURE_MARQUEE_EXISTS,37058c641018e7a664435755e066cb15e513fa3a4675888c6db3d3ce2bf2e751,936a944c698f62d67facf45917a9b74b,,
source:fragments/1829/07/16-img2906-right,CREATE_FRAGMENT,,fragments/1829/07/16-img2906-right,1829-07-16,2,2,758,ENSURE_MARQUEE_EXISTS,ec4d733ec6bedd98c00f423371059405246d5deebac18c8aaf6710d0522d58de,8d91a18758fca17ae8243de430b2fe40,,
source:fragments/1829/07/23-img2908-right,CREATE_FRAGMENT,,fragments/1829/07/23-img2908-right,1829-07-23,2,2,760,ENSURE_MARQUEE_EXISTS,862a179cd2b1451f1f4aa552d434672a4501c3b72f3c345755c267d834b3cf49,5e34e5eb8dc73e35aac8c794c21b20e0,,
source:fragments/1829/08/05-img2911-right,CREATE_FRAGMENT,,fragments/1829/08/05-img2911-right,1829-08-05,2,2,763,ENSURE_MARQUEE_EXISTS,20ec73d8296a29af0417255f0b1b2dccd69f74a63d1259d85d244ab3d09f93d2,d35fcecf76aef205dd61f6bc498e11b8,,
source:fragments/1829/08/08-img2912-right,CREATE_FRAGMENT,,fragments/1829/08/08-img2912-right,1829-08-08,2,2,764,ENSURE_MARQUEE_EXISTS,ed93defc1427c18651296e0b337fddf8ffe7762e953ef26d15ded9f6b988561d,1aec28f5f0f5a9bb075f95572f1eb216,,
source:fragments/1829/08/15-img2914-right,CREATE_FRAGMENT,,fragments/1829/08/15-img2914-right,1829-08-15,2,2,766,ENSURE_MARQUEE_EXISTS,37c465e1a03ab4e5970407f6f3d6b23252c7e0bac3ad09228de76298da1b6c4c,7c33adfac8b4f9cd4c724a71734a598a,,
source:fragments/1829/08/20-img2915-right,CREATE_FRAGMENT,,fragments/1829/08/20-img2915-right,1829-08-20,2,2,767,ENSURE_MARQUEE_EXISTS,8e5bdb381f6f98e37b53b8a60dfee0fedca28f172c335abd272740d67b492b53,e28a4ce950daa7fb72c97e91e830f65c,,
source:fragments/1829/08/22-img2916-right,CREATE_FRAGMENT,,fragments/1829/08/22-img2916-right,1829-08-22,2,2,768,ENSURE_MARQUEE_EXISTS,2293e6316f7ea3a1f1140428229569ef00e0f101d7b26b9f5dacbc0d50b2e8cb,cbdb4459955923c451fafc67985ad684,,
source:fragments/1829/08/28-img2918-right,CREATE_FRAGMENT,,fragments/1829/08/28-img2918-right,1829-08-28,2,2,770,ENSURE_MARQUEE_EXISTS,d06250753065f2f29eca557910b9a4ef6f4123291341504a815059a5e51003bf,70984b68ffe32f90770e95a0dbdb08f0,,
source:fragments/1829/09/11-img2921-right,CREATE_FRAGMENT,,fragments/1829/09/11-img2921-right,1829-09-11,2,2,773,ENSURE_MARQUEE_EXISTS,69a2d76237d8e901b06d498a61d73aec4ab1d4271b1b26dd9805b0a93f8fcd79,c2ec3a590f6cc15e03ef29b6520ee79f,,
source:fragments/1829/09/14-img2922-right,CREATE_FRAGMENT,,fragments/1829/09/14-img2922-right,1829-09-14,2,2,774,ENSURE_MARQUEE_EXISTS,862dc0ed5f9f5a803aaeb53a876ed1c7a074c1c1ddb3c0e0915e4ccb7b264b8a,87a11d01669071ea050ce77e82ba5a0f,,
source:fragments/1829/09/18-img2923-right,CREATE_FRAGMENT,,fragments/1829/09/18-img2923-right,1829-09-18,2,2,775,ENSURE_MARQUEE_EXISTS,e54d7afb54a0577f20e047ac36e09075c51e9d5f2cb2a0cd500d7af5525366c8,a7f284087fdd3c71b2c95a7cb80f30c5,,
source:fragments/1834/07/08-img2712-right,CREATE_FRAGMENT,,fragments/1834/07/08-img2712-right,1834-07-08,2,2,1084,ENSURE_MARQUEE_EXISTS,3587cc33ce31f2174c5bd92860647abf5af652018e8c82d041621fe5999b269d,eb0975d756bdc2e0cc80202aafb99e1b,,
source:fragments/1834/11/13-img2723-right,CREATE_FRAGMENT,,fragments/1834/11/13-img2723-right,1834-11-13,2,2,1095,ENSURE_MARQUEE_EXISTS,0870f77e5f625fd7d2d10b2780f014d8896f56965e30e2a1dda6052a1b968211,7b6cc0f108b890cec2115e7b20151611,,
